word,selected,annotated_semantics,projected_semantics,freq_sketch,f-pref_itwac,f-pref_repubblica,f-pref_wikiconll,f-adv_itwac,f-adv_repubblica,f-adv_wikiconll
acquisto,True,?,Qualification or Set of Circumstances#-,1,-,-,-,0,0,0
ex,True,?,?,1,-,-,-,0,0,0
passato,True,?,?,1,-,-,-,0,44,1
separazione,True,?,?,1,-,-,-,0,0,0
settembrine,True,?,?,1,-,-,-,0,0,0
trapassato,True,?,?,1,-,-,-,0,1,1
trentenni,True,?,?,1,-,-,-,0,0,0
--,False,?,?,0,-,-,-,0,4,0
a,False,?,?,0,-,-,-,0,6,8
abbandonata,False,?,?,0,-,-,-,0,3,1
abbandonate,False,?,?,0,-,-,-,0,3,0
abbandonati,False,?,?,0,-,-,-,0,1,0
abbandonato,False,?,?,0,-,-,-,0,4,0
abbassata,False,?,?,0,-,-,-,0,1,0
abbassate,False,?,?,0,-,-,-,0,1,0
abbattuta,False,?,?,0,-,-,-,0,2,0
abbattuti,False,?,?,0,-,-,-,0,1,0
abbattuto,False,?,?,0,-,-,-,0,1,0
abbozzata,False,?,?,0,-,-,-,0,18,1
abbozzate,False,?,?,0,-,-,-,0,5,0
abbozzati,False,?,?,0,-,-,-,0,6,0
abbozzato,False,?,?,0,-,-,-,0,30,7
abortito,False,?,?,0,-,-,-,0,0,1
abrogato,False,?,?,0,-,-,-,0,1,0
accaduto,False,?,?,0,-,-,-,0,2,1
accantonata,False,?,?,0,-,-,-,0,1,0
accantonati,False,?,?,0,-,-,-,0,1,0
accantonato,False,?,?,0,-,-,-,0,1,0
accenato,False,?,?,0,-,-,-,0,1,0
accenna,False,?,?,0,-,-,-,0,1,0
accennata,False,?,?,0,-,-,-,0,29,6
accennate,False,?,?,0,-,-,-,0,11,2
accennati,False,?,?,0,-,-,-,0,18,2
accennato,False,?,?,0,-,-,-,0,53,19
accentuate,False,?,?,0,-,-,-,0,0,1
accesa,False,?,?,0,-,-,-,0,3,0
accese,False,?,?,0,-,-,-,0,1,0
accesi,False,?,?,0,-,-,-,0,2,0
acceso,False,?,?,0,-,-,-,0,2,0
accesso,False,?,?,0,-,-,-,0,2,0
accettabile,False,?,?,0,-,-,-,0,7,1
accettabili,False,?,?,0,-,-,-,0,1,0
accolte,False,?,?,0,-,-,-,0,0,1
accorsa,False,?,?,0,-,-,-,0,0,1
accostato,False,?,?,0,-,-,-,0,1,0
accusati,False,?,?,0,-,-,-,0,1,0
acquisita,False,?,?,0,-,-,-,0,11,4
acquisite,False,?,?,0,-,-,-,0,1,0
acquisiti,False,?,?,0,-,-,-,0,0,3
acquisito,False,?,?,0,-,-,-,0,9,1
acquistata,False,?,?,0,-,-,-,0,14,3
acquistate,False,?,?,0,-,-,-,0,2,1
acquistati,False,?,?,0,-,-,-,0,5,0
acquistato,False,?,?,0,-,-,-,0,15,3
acuminato,False,?,?,0,-,-,-,0,1,0
addormentato,False,?,?,0,-,-,-,0,1,0
adescato,False,?,?,0,-,-,-,0,0,1
adiacente,False,?,?,0,-,-,-,0,0,1
adolescente,False,?,Qualification or Set of Circumstances,0,-,-,-,0,3,0
adombrata,False,?,?,0,-,-,-,0,4,0
adombrato,False,?,?,0,-,-,-,0,1,0
adottata,False,?,?,0,-,-,-,0,4,0
adottate,False,?,?,0,-,-,-,0,1,0
adottati,False,?,?,0,-,-,-,0,2,0
adottato,False,?,?,0,-,-,-,0,1,0
affacciato-,False,?,?,0,-,-,-,0,0,1
affannato,False,?,?,0,-,-,-,0,1,0
affidata,False,?,?,0,-,-,-,0,1,0
affidato,False,?,?,0,-,-,-,0,1,0
affidatomi,False,?,?,0,-,-,-,0,1,0
affiorante,False,?,?,0,-,-,-,0,1,0
affioranti,False,?,?,0,-,-,-,0,0,1
affissi,False,?,?,0,-,-,-,0,3,0
affondato,False,?,?,0,-,-,-,0,2,0
affossata,False,?,?,0,-,-,-,0,1,0
affrancata-,False,?,?,0,-,-,-,0,1,0
affrancati,False,?,?,0,-,-,-,0,0,1
affrancati-,False,?,?,0,-,-,-,0,1,0
affrontata,False,?,?,0,-,-,-,0,1,0
affrontati,False,?,?,0,-,-,-,0,1,0
affrontiamo,False,?,?,0,-,-,-,0,1,0
agevolata,False,?,?,0,-,-,-,0,1,0
aggiornata,False,?,?,0,-,-,-,0,5,0
aggiornate,False,?,?,0,-,-,-,0,1,0
aggiornato,False,?,?,0,-,-,-,0,2,0
agitate,False,?,?,0,-,-,-,0,1,0
agli,False,?,?,0,-,-,-,0,13,1
agro,False,?,?,0,-,-,-,0,1,0
ai,False,?,?,0,-,-,-,0,2,0
al,False,?,?,0,-,-,-,0,17,12
Alesi,False,?,?,0,-,-,-,0,1,0
alla,False,?,?,0,-,-,-,0,1,0
allacciata,False,?,?,0,-,-,-,0,1,0
allargata,False,?,?,0,-,-,-,0,1,0
allargate,False,?,?,0,-,-,-,0,0,1
alle,False,?,?,0,-,-,-,0,5,0
allestita,False,?,?,0,-,-,-,0,2,0
allestito,False,?,?,0,-,-,-,0,1,0
alleviata,False,?,?,0,-,-,-,0,1,0
allineati,False,?,?,0,-,-,-,0,1,0
allungata,False,?,?,0,-,-,-,0,1,0
allungati,False,?,?,0,-,-,-,0,1,0
alta,False,?,?,0,-,-,-,0,1,0
alto,False,?,?,0,-,-,-,0,4,0
alzano,False,?,?,0,-,-,-,0,1,0
alzata,False,?,?,0,-,-,-,0,2,0
alzati,False,?,?,0,-,-,-,0,6,0
alzato,False,?,?,0,-,-,-,0,5,0
amessa,False,?,?,0,-,-,-,0,0,1
ammainato,False,?,?,0,-,-,-,0,1,0
ammazzato,False,?,?,0,-,-,-,0,2,0
ammessi,False,?,?,0,-,-,-,0,1,0
ammesso,False,?,?,0,-,-,-,0,1,0
amputato,False,?,?,0,-,-,-,0,1,0
analizzato,False,?,?,0,-,-,-,0,1,0
andata,False,?,?,0,-,-,-,0,4,0
andati,False,?,?,0,-,-,-,0,2,0
andato,False,?,?,0,-,-,-,0,3,0
annessa,False,?,?,0,-,-,-,0,0,2
annodata,False,?,?,0,-,-,-,0,1,0
annunciata,False,?,?,0,-,-,-,0,13,0
annunciate,False,?,?,0,-,-,-,0,1,0
annunciati,False,?,?,0,-,-,-,0,4,0
annunciato,False,?,?,0,-,-,-,0,10,1
annusati,False,?,?,0,-,-,-,0,1,0
antiquata,False,?,?,0,-,-,-,0,1,0
aperta,False,?,?,1,-,-,-,0,22,2
aperta-,False,?,?,0,-,-,-,0,1,0
aperte,False,?,?,0,-,-,-,0,6,0
aperti,False,?,?,0,-,-,-,0,3,0
aperto,False,?,?,0,-,-,-,0,22,2
aperto-,False,?,?,0,-,-,-,0,1,0
appaia,False,?,?,0,-,-,-,0,1,0
appaltate,False,?,?,0,-,-,-,0,1,0
appare,False,?,?,0,-,-,-,0,1,0
apparsa,False,?,?,0,-,-,-,0,1,0
apparse,False,?,?,0,-,-,-,0,1,0
apparsi,False,?,?,0,-,-,-,0,0,1
apparso,False,?,?,0,-,-,-,0,9,1
appena,False,?,?,0,-,-,-,0,302,42
appesantita,False,?,?,0,-,-,-,0,1,0
appeso,False,?,?,0,-,-,-,0,1,0
appiattito,False,?,?,0,-,-,-,0,0,1
applaudito,False,?,?,0,-,-,-,0,1,0
applicate,False,?,?,0,-,-,-,0,1,0
apposta,False,?,?,0,-,-,-,0,1,0
apprende,False,?,?,0,-,-,-,0,2,0
appresa,False,?,?,0,-,-,-,0,8,0
apprese,False,?,?,0,-,-,-,0,1,0
appreso,False,?,?,0,-,-,-,0,1,1
approdata,False,?,?,0,-,-,-,0,4,0
approdate,False,?,?,0,-,-,-,0,1,0
approdato,False,?,?,0,-,-,-,0,2,0
approntata,False,?,?,0,-,-,-,0,1,0
approntato,False,?,?,0,-,-,-,0,1,0
approvata,False,?,?,0,-,-,-,0,82,0
approvatadal,False,?,?,0,-,-,-,0,1,0
approvate,False,?,?,0,-,-,-,0,11,2
approvati,False,?,?,0,-,-,-,0,3,0
approvato,False,?,?,0,-,-,-,0,39,0
apro,False,?,?,0,-,-,-,0,2,0
aprono,False,?,?,0,-,-,-,0,1,0
aprovata,False,?,?,0,-,-,-,0,1,0
arata,False,?,?,0,-,-,-,0,1,0
arati,False,?,?,0,-,-,-,0,2,0
arato,False,?,?,0,-,-,-,0,1,3
arbitrata,False,?,?,0,-,-,-,0,1,0
archiviata,False,?,?,0,-,-,-,0,2,0
archiviato,False,?,?,0,-,-,-,0,4,0
arcuate,False,?,?,0,-,-,-,0,1,0
arraffato,False,?,?,0,-,-,-,0,1,0
arresi,False,?,?,0,-,-,-,0,1,0
arrestata,False,?,?,0,-,-,-,0,1,0
arrestati,False,?,?,1,-,-,-,0,1,0
arrestato,False,?,?,0,-,-,-,0,11,0
arriva,False,?,?,0,-,-,-,0,4,1
arrivano,False,?,?,0,-,-,-,0,5,0
arrivata,False,?,?,0,-,-,-,0,34,9
arrivate,False,?,?,0,-,-,-,0,11,1
arrivati,False,?,?,1,-,-,-,0,42,8
arrivato,False,?,?,0,-,-,-,0,96,14
arrivavano,False,?,?,0,-,-,-,0,1,0
arrivi,False,?,?,0,-,-,-,0,1,0
arrivo,False,?,?,0,-,-,-,0,1,0
arrochita,False,?,?,0,-,-,-,0,2,0
arruola-,False,?,?,0,-,-,-,0,1,0
arruolati,False,?,?,0,-,-,-,0,3,0
arruolato,False,?,?,0,-,-,-,0,0,1
asciugata,False,?,?,0,-,-,-,0,2,0
ascoltata,False,?,?,0,-,-,-,0,1,0
ascoltate,False,?,?,0,-,-,-,0,3,0
ascoltati,False,?,?,0,-,-,-,0,1,1
ascoltato,False,?,?,0,-,-,-,0,7,0
asfaltata,False,?,?,0,-,-,-,0,2,0
asfaltate,False,?,?,0,-,-,-,0,2,0
assaggiata,False,?,?,0,-,-,-,0,2,0
assaggiati,False,?,?,0,-,-,-,0,0,1
assaltato,False,?,?,0,-,-,-,0,1,0
assaporato,False,?,?,0,-,-,-,0,1,0
assegnata,False,?,?,0,-,-,-,0,1,0
assegnati,False,?,?,0,-,-,-,0,1,0
assegnato,False,?,?,0,-,-,-,0,2,0
assegnatogli,False,?,?,0,-,-,-,0,1,1
assemblato,False,?,?,0,-,-,-,0,1,0
assistito,False,?,?,0,-,-,-,0,2,0
assolto,False,?,?,0,-,-,-,0,1,0
assunta,False,?,?,0,-,-,-,0,8,1
assunte,False,?,?,0,-,-,-,0,2,0
assunti,False,?,Qualification or Set of Circumstances,0,-,-,-,0,9,0
assunto,False,?,Qualification or Set of Circumstances,1,-,-,-,0,13,1
attempato,False,?,?,0,-,-,-,0,1,0
attenta,False,?,?,0,-,-,-,0,1,0
attento,False,?,?,0,-,-,-,0,1,0
attenuata,False,?,?,0,-,-,-,0,1,0
attenuato,False,?,?,0,-,-,-,0,1,0
atterrata,False,?,?,0,-,-,-,0,3,1
atterrati,False,?,?,0,-,-,-,0,2,0
atterrato,False,?,?,0,-,-,-,0,11,1
attraversa-,False,?,?,0,-,-,-,0,1,0
attraversata,False,?,?,0,-,-,-,0,1,0
attrezzata,False,?,?,0,-,-,-,0,1,0
attribuita,False,?,?,0,-,-,-,0,1,0
attribuito,False,?,?,0,-,-,-,0,1,0
aumentata,False,?,?,0,-,-,-,0,1,0
autorizzato,False,?,?,0,-,-,-,0,1,0
avallato,False,?,?,0,-,-,-,0,1,0
avanzata,False,?,?,0,-,-,-,0,1,0
avanzate,False,?,?,0,-,-,-,0,1,0
avevo,False,?,?,0,-,-,-,0,1,0
avrà,False,?,?,0,-,-,-,0,0,1
avremo,False,?,?,0,-,-,-,0,2,0
avrò,False,?,?,0,-,-,-,0,1,0
avuta,False,?,?,0,-,-,-,0,5,0
avuto,False,?,?,0,-,-,-,0,7,1
avvenuta,False,?,?,0,-,-,-,0,6,1
avvenute,False,?,?,0,-,-,-,0,3,0
avvenuto,False,?,?,0,-,-,-,0,8,3
avvertì,False,?,?,0,-,-,-,0,0,1
avvertibile,False,?,?,0,-,-,-,0,2,0
avvertita,False,?,?,0,-,-,-,0,1,0
avvertiti,False,?,?,0,-,-,-,0,1,0
avviata,False,?,?,0,-,-,-,0,44,2
avviate,False,?,?,0,-,-,-,0,1,0
avviati,False,?,?,0,-,-,-,0,1,0
avviato,False,?,?,0,-,-,-,0,32,1
avvicinata,False,?,?,0,-,-,-,0,1,0
avviene,False,?,?,0,-,-,-,0,1,0
avvisato,False,?,?,0,-,-,-,0,1,0
avvistata,False,?,?,0,-,-,-,0,1,0
avvistati,False,?,?,0,-,-,-,0,1,0
avvolto,False,?,?,0,-,-,-,0,1,0
azzurrato,False,?,?,0,-,-,-,0,1,0
bagnata,False,?,?,0,-,-,-,0,1,0
bagnato,False,?,?,0,-,-,-,0,1,0
balenata,False,?,?,0,-,-,-,0,1,0
bandito,False,?,Qualification or Set of Circumstances,0,-,-,-,0,2,0
Bankitalia,False,?,?,0,-,-,-,0,1,0
battezzata,False,?,?,0,-,-,-,0,3,0
battezzato,False,?,?,0,-,-,-,0,4,0
battuta,False,?,?,0,-,-,-,0,2,0
battuti,False,?,?,0,-,-,-,0,2,0
battuto,False,?,?,0,-,-,-,0,4,0
bendati,False,?,?,0,-,-,-,0,0,1
benedetto,False,?,?,0,-,-,-,0,0,1
benestanti,False,?,?,0,-,-,-,0,1,0
bevuto,False,?,?,0,-,-,-,0,1,0
bilanciato,False,?,?,0,-,-,-,0,1,0
bisbigliato,False,?,?,0,-,-,-,0,1,0
bloccato,False,?,?,0,-,-,-,0,1,0
bocciato,False,?,?,0,-,-,-,0,1,0
bombardata,False,?,?,0,-,-,-,0,0,1
bonificata,False,?,?,0,-,-,-,0,0,1
brizzolata,False,?,?,0,-,-,-,0,1,0
brizzolati,False,?,?,0,-,-,-,0,2,0
bruciata,False,?,?,0,-,-,-,0,1,0
brumosa,False,?,?,0,-,-,-,0,1,0
brunito,False,?,?,0,-,-,-,0,1,0
buttato,False,?,?,0,-,-,-,0,2,0
cacciata,False,?,?,0,-,-,-,0,0,1
cacciati,False,?,?,0,-,-,-,0,2,0
cacciato,False,?,?,0,-,-,-,0,1,0
cade,False,?,?,0,-,-,-,0,2,0
cadrà,False,?,?,0,-,-,-,0,1,0
caduta,False,?,?,0,-,-,-,0,4,0
cadute,False,?,?,0,-,-,-,0,0,1
caduti,False,?,?,0,-,-,-,0,2,0
caduto,False,?,?,0,-,-,-,0,7,1
cala,False,?,?,0,-,-,-,0,3,0
calano,False,?,?,0,-,-,-,0,1,0
calata,False,?,?,0,-,-,-,0,2,0
calmate,False,?,?,0,-,-,-,0,1,0
calpestata,False,?,?,0,-,-,-,0,1,0
cambiata,False,?,?,0,-,-,-,0,1,0
camuffate,False,?,?,0,-,-,-,0,1,0
cancellati,False,?,?,0,-,-,-,0,1,0
canonizzato,False,?,?,0,-,-,-,0,1,0
cantate,False,?,?,0,-,-,-,0,1,0
capace,False,?,?,0,-,-,-,0,1,0
capì,False,?,?,0,-,-,-,0,1,0
capisce,False,?,?,0,-,-,-,0,1,0
capita,False,?,?,0,-,-,-,0,2,0
carezzati,False,?,?,0,-,-,-,0,1,0
caricata,False,?,?,0,-,-,-,0,2,0
caricate,False,?,?,0,-,-,-,0,1,0
castrato,False,?,?,0,-,-,-,0,1,0
catturata,False,?,?,0,-,-,-,0,0,1
catturate,False,?,?,0,-,-,-,0,0,1
catturati,False,?,?,0,-,-,-,0,2,0
catturato,False,?,?,0,-,-,-,0,6,2
cavata,False,?,?,0,-,-,-,0,1,0
cavato,False,?,?,0,-,-,-,0,0,1
ceduta,False,?,?,0,-,-,-,0,1,0
cedute,False,?,?,0,-,-,-,0,2,0
ceduti,False,?,?,0,-,-,-,0,2,0
celata,False,?,?,0,-,-,-,0,2,1
celato,False,?,?,0,-,-,-,0,3,0
celebrata,False,?,?,0,-,-,-,0,1,0
celebrate,False,?,?,0,-,-,-,0,1,0
celebrato,False,?,?,0,-,-,-,0,1,1
chiamati,False,?,?,0,-,-,-,0,1,0
chiamato,False,?,?,0,-,-,-,0,2,0
chiariti,False,?,?,0,-,-,-,0,1,0
chiusa,False,?,?,0,-,-,-,0,13,1
chiusa-,False,?,?,0,-,-,-,0,1,0
chiuse,False,?,?,0,-,-,-,0,2,0
chiusi,False,?,?,0,-,-,-,0,1,0
chiuso,False,?,?,0,-,-,-,0,25,1
cinquantenne,False,?,?,0,-,-,-,0,1,0
cintata,False,?,?,0,-,-,-,0,1,0
ciò,False,?,?,0,-,-,-,0,1,0
circostante,False,?,?,0,-,-,-,0,0,1
citata,False,?,?,0,-,-,-,0,6,5
citate,False,?,?,0,-,-,-,0,13,3
citati,False,?,?,0,-,-,-,0,18,13
citato,False,?,?,0,-,-,-,0,14,5
collaudato,False,?,?,0,-,-,-,0,1,0
collegato,False,?,?,0,-,-,-,0,0,2
collocate,False,?,?,0,-,-,-,0,2,0
collocato,False,?,?,0,-,-,-,0,1,0
colorata,False,?,?,0,-,-,-,0,2,0
colpita,False,?,?,0,-,-,-,0,0,1
colpiti,False,?,?,0,-,-,-,0,1,0
colpito,False,?,?,0,-,-,-,0,1,0
colta,False,?,?,0,-,-,-,0,2,0
colte,False,?,?,0,-,-,-,0,3,0
colto,False,?,?,0,-,-,-,0,1,0
combinato,False,?,?,0,-,-,-,0,1,0
come,False,?,?,0,-,-,-,0,1,0
comincerà,False,?,?,0,-,-,-,0,1,0
cominceranno,False,?,?,0,-,-,-,0,1,0
cominci,False,?,?,0,-,-,-,0,1,0
comincia,False,?,?,0,-,-,-,0,1,0
cominciando,False,?,?,0,-,-,-,0,1,0
cominciata,False,?,?,0,-,-,-,0,38,1
cominciate,False,?,?,0,-,-,-,0,2,0
cominciati,False,?,?,0,-,-,-,0,4,0
cominciato,False,?,?,0,-,-,-,0,65,0
cominciava,False,?,?,0,-,-,-,0,1,0
commessi,False,?,?,0,-,-,-,0,1,0
commesso,False,?,?,0,-,-,-,0,4,0
compaiono,False,?,?,0,-,-,-,0,1,0
comparsi,False,?,?,0,-,-,-,0,0,1
comparso,False,?,?,0,-,-,-,0,1,1
compensato,False,?,?,0,-,-,-,0,1,0
comperata,False,?,?,0,-,-,-,0,1,0
comperati,False,?,?,0,-,-,-,0,2,0
comperato,False,?,?,0,-,-,-,0,1,0
compilati,False,?,?,0,-,-,-,0,1,0
compilato,False,?,?,0,-,-,-,0,2,0
compiuta,False,?,?,0,-,-,-,0,10,5
compiute,False,?,?,0,-,-,-,0,1,0
compiuti,False,?,?,0,-,-,-,0,4,0
compiuto,False,?,?,0,-,-,-,0,17,8
completata,False,?,?,0,-,-,-,0,2,2
completate,False,?,?,0,-,-,-,0,0,1
completati,False,?,?,0,-,-,-,0,1,0
completato,False,?,?,0,-,-,-,0,7,2
complicata,False,?,?,0,-,-,-,0,1,0
composta,False,?,?,0,-,-,-,0,1,1
composte,False,?,?,0,-,-,-,0,1,0
composto,False,?,?,0,-,-,-,0,0,1
comprata,False,?,?,0,-,-,-,0,16,1
comprate,False,?,?,0,-,-,-,0,2,2
comprati,False,?,?,0,-,-,-,0,1,0
comprato,False,?,?,0,-,-,-,0,13,1
comprensibile,False,?,?,0,-,-,-,0,0,1
compreso,False,?,?,0,-,-,-,0,1,0
comunicate,False,?,?,0,-,-,-,0,1,0
comunicato,False,?,?,0,-,-,-,0,2,0
con,False,?,?,0,-,-,-,0,1,0
concepita,False,?,?,0,-,-,-,0,2,0
concepiti,False,?,?,0,-,-,-,0,1,0
concepito,False,?,?,0,-,-,-,0,4,1
concessa,False,?,?,0,-,-,-,0,4,1
concesse,False,?,?,0,-,-,-,0,1,0
concesso,False,?,?,0,-,-,-,0,3,0
conclusa,False,?,?,0,-,-,-,0,186,4
conclusa-,False,?,?,0,-,-,-,0,12,0
concluse,False,?,?,0,-,-,-,0,19,0
conclusi,False,?,?,0,-,-,-,0,12,0
conclusi-,False,?,?,0,-,-,-,0,1,0
concluso,False,?,?,0,-,-,-,0,205,7
concluso-,False,?,?,0,-,-,-,0,11,1
concordata,False,?,?,0,-,-,-,0,1,0
concordato,False,?,?,0,-,-,-,0,3,0
concreta,False,?,?,0,-,-,-,0,1,0
concretizzate,False,?,?,0,-,-,-,0,1,0
concreto,False,?,?,0,-,-,-,0,1,0
condannata,False,?,?,0,-,-,-,0,1,0
condannati,False,?,Qualification or Set of Circumstances,0,-,-,-,0,1,0
condannato,False,?,?,0,-,-,-,0,3,0
condito,False,?,?,0,-,-,-,0,1,0
condotta,False,?,?,0,-,-,-,0,3,0
condotto,False,?,?,0,-,-,-,0,2,0
conferito,False,?,?,0,-,-,-,0,1,0
confermata,False,?,?,0,-,-,-,0,2,0
confermato,False,?,?,0,-,-,-,0,2,0
confessato,False,?,?,0,-,-,-,0,1,1
confezionata,False,?,?,0,-,-,-,0,2,0
confezionato,False,?,?,0,-,-,-,0,2,0
confinante,False,?,?,0,-,-,-,0,1,0
confortata,False,?,?,0,-,-,-,0,1,0
congedata-,False,?,?,0,-,-,-,0,1,0
congedati,False,?,?,0,-,-,-,0,3,0
congedato,False,?,?,0,-,-,-,0,1,0
coniate,False,?,?,0,-,-,-,0,0,1
coniati,False,?,?,0,-,-,-,0,1,0
coniato,False,?,?,0,-,-,-,0,1,0
conosciuta,False,?,?,0,-,-,-,0,10,6
conosciute,False,?,?,0,-,-,-,0,1,1
conosciuti,False,?,?,0,-,-,-,0,1,0
conosciuto,False,?,?,0,-,-,-,0,5,4
conquista-,False,?,?,0,-,-,-,0,1,0
conquistata,False,?,?,0,-,-,-,0,26,3
conquistate,False,?,?,0,-,-,-,0,1,8
conquistati,False,?,?,0,-,-,-,0,5,6
conquistato,False,?,?,0,-,-,-,0,14,9
conquistavano,False,?,?,0,-,-,-,0,0,1
consacrata,False,?,?,0,-,-,-,0,1,0
consacrato,False,?,?,0,-,-,-,0,0,1
consegnata,False,?,?,0,-,-,-,0,8,2
consegnatami,False,?,?,0,-,-,-,0,1,0
consegnati,False,?,?,0,-,-,-,0,2,0
consegnato,False,?,?,0,-,-,-,0,5,1
consegnatole,False,?,?,0,-,-,-,0,1,0
conseguita,False,?,?,0,-,-,-,0,7,0
conseguito,False,?,?,0,-,-,-,0,0,1
considerate,False,?,?,0,-,-,-,0,1,0
consistente,False,?,?,0,-,-,-,0,1,0
consolidato,False,?,?,0,-,-,-,0,1,0
constatata,False,?,?,0,-,-,-,0,1,0
constatati,False,?,?,0,-,-,-,0,1,0
constatato,False,?,?,0,-,-,-,0,1,0
consumata,False,?,?,0,-,-,-,0,10,1
consumate,False,?,?,0,-,-,-,0,1,0
consumati,False,?,?,0,-,-,-,0,1,0
consumato,False,?,?,0,-,-,-,0,2,0
contabilizzato,False,?,?,0,-,-,-,0,1,0
contagiata,False,?,?,0,-,-,-,0,2,0
contenuta,False,?,?,0,-,-,-,0,1,0
contenuto,False,?,?,0,-,-,-,0,3,0
contrastato,False,?,?,0,-,-,-,0,1,0
contratta,False,?,?,0,-,-,-,0,1,0
controllato,False,?,?,0,-,-,-,0,1,0
convalescente,False,?,?,0,-,-,-,0,2,0
convertito,False,?,?,0,-,-,-,0,3,0
convocata,False,?,?,0,-,-,-,0,1,0
convolato,False,?,?,0,-,-,-,0,0,1
coperta,False,?,?,0,-,-,-,0,3,0
coperte,False,?,?,0,-,-,-,0,1,0
coperti,False,?,?,0,-,-,-,0,1,0
coperto,False,?,?,0,-,-,-,0,2,0
corretta,False,?,?,0,-,-,-,0,2,0
corrotto,False,?,?,0,-,-,-,0,1,0
corrucciato,False,?,?,0,-,-,-,0,1,0
corsa,False,?,?,0,-,-,-,0,1,0
corsi,False,?,?,0,-,-,-,0,1,0
cortese,False,?,?,0,-,-,-,0,1,0
cosciente,False,?,?,0,-,-,-,0,1,0
costituita,False,?,?,0,-,-,-,0,22,2
costituite,False,?,?,0,-,-,-,0,4,1
costituiti,False,?,?,0,-,-,-,0,2,0
costituito,False,?,?,0,-,-,-,0,18,3
costruita,False,?,?,0,-,-,-,0,10,6
costruite,False,?,?,0,-,-,-,0,1,2
costruiti,False,?,?,0,-,-,-,0,5,0
costruito,False,?,?,0,-,-,-,0,10,8
cotta,False,?,?,0,-,-,-,0,0,1
cotte,False,?,?,0,-,-,-,0,0,1
cotti,False,?,?,0,-,-,-,0,0,2
cotto,False,?,?,0,-,-,-,0,1,0
Cragnotti,False,?,?,0,-,-,-,0,1,0
creata,False,?,?,0,-,-,-,0,6,5
create,False,?,?,0,-,-,-,0,4,2
creati,False,?,?,0,-,-,-,0,0,3
creato,False,?,?,0,-,-,-,0,5,9
credibile,False,?,?,0,-,-,-,0,2,0
cresciuto,False,?,?,0,-,-,-,0,1,0
criticherò,False,?,?,0,-,-,-,0,1,0
critico,False,?,?,0,-,-,-,0,3,0
crollano,False,?,?,0,-,-,-,0,1,0
crollato,False,?,?,0,-,-,-,0,1,0
cucinata,False,?,?,0,-,-,-,0,1,0
cuciti,False,?,?,0,-,-,-,0,1,0
curva,False,?,?,0,-,-,-,0,1,0
curve,False,?,?,0,-,-,-,0,1,0
da,False,?,?,0,-,-,-,0,12,1
dai,False,?,?,0,-,-,-,0,1,0
dal,False,?,?,0,-,-,-,0,10,1
dalla,False,?,?,0,-,-,-,0,11,0
dalle,False,?,?,0,-,-,-,0,1,0
dallo,False,?,?,0,-,-,-,0,2,0
danneggiato,False,?,?,0,-,-,-,0,1,0
data,False,?,?,0,-,-,-,0,1,2
datata,False,?,?,0,-,-,-,0,1,0
dato,False,?,?,0,-,-,-,0,4,1
davanti,False,?,?,0,-,-,-,0,2,0
debellata,False,?,?,0,-,-,-,0,0,1
decaduto,False,?,?,0,-,-,-,0,1,1
decapitate,False,?,?,0,-,-,-,0,1,0
decapitato,False,?,?,0,-,-,-,0,0,1
deceduta,False,?,?,0,-,-,-,0,2,0
decedute,False,?,?,0,-,-,-,0,0,1
deceduto,False,?,?,0,-,-,-,0,1,4
deceduto.Da,False,?,?,0,-,-,-,0,0,1
decenne,False,?,?,0,-,-,-,0,1,0
decenni,False,?,?,0,-,-,-,0,1,0
decente,False,?,?,0,-,-,-,0,17,0
decenti,False,?,?,0,-,-,-,0,1,0
decimo,False,?,?,0,-,-,-,0,1,0
decisa,False,?,?,0,-,-,-,0,6,0
decise,False,?,?,0,-,-,-,0,3,0
decisi,False,?,?,0,-,-,-,0,3,0
deciso,False,?,?,0,-,-,-,0,6,0
declassato,False,?,?,0,-,-,-,0,1,0
declassificati,False,?,?,0,-,-,-,0,1,0
decollata,False,?,?,0,-,-,-,0,1,0
decollati,False,?,?,0,-,-,-,0,2,0
decollato,False,?,?,0,-,-,-,0,3,0
decorosa,False,?,?,0,-,-,-,0,2,0
decoroso,False,?,?,0,-,-,-,0,3,0
decorso,False,?,?,0,-,-,-,0,1,0
decretata,False,?,?,0,-,-,-,0,2,0
decretato,False,?,?,0,-,-,-,0,3,0
dedicato,False,?,?,0,-,-,-,0,4,0
defenestrato,False,?,?,0,-,-,-,0,1,0
definita,False,?,?,0,-,-,-,0,1,1
definite,False,?,?,0,-,-,-,0,2,0
definito,False,?,?,0,-,-,-,0,5,0
deformata,False,?,?,0,-,-,-,0,1,0
defunto,False,?,?,0,-,-,-,0,6,4
degna,False,?,?,0,-,-,-,0,1,0
degradata,False,?,?,0,-,-,-,0,1,0
degustato,False,?,?,0,-,-,-,0,0,1
dejà-vu,False,?,?,0,-,-,-,0,1,0
del,False,?,?,0,-,-,-,0,2,0
deliberati,False,?,?,0,-,-,-,0,1,0
delineate,False,?,?,0,-,-,-,0,1,0
delineati,False,?,?,0,-,-,-,0,1,0
delineato,False,?,?,0,-,-,-,0,1,1
dello,False,?,?,0,-,-,-,0,1,0
dentato,False,?,?,0,-,-,-,0,0,1
dentro,False,?,?,0,-,-,-,0,7,0
denunciato,False,?,?,0,-,-,-,0,2,0
depositata,False,?,?,0,-,-,-,0,2,0
depositate,False,?,?,0,-,-,-,0,1,0
depositato,False,?,?,0,-,-,-,0,1,1
deposta,False,?,?,0,-,-,-,0,0,1
deposte,False,?,?,0,-,-,-,0,0,1
deposto,False,?,?,0,-,-,-,0,2,2
depurato,False,?,?,0,-,-,-,0,1,0
deriso,False,?,?,0,-,-,-,0,0,1
derubato,False,?,?,0,-,-,-,0,1,0
descritta,False,?,?,0,-,-,-,0,22,4
descritte,False,?,?,0,-,-,-,0,5,5
descritti,False,?,?,0,-,-,-,0,3,2
descritto,False,?,?,0,-,-,-,0,33,11
designata,False,?,?,0,-,-,-,0,1,0
designato,False,?,?,0,-,-,-,0,2,0
desolato,False,?,?,0,-,-,-,0,1,0
destati,False,?,?,0,-,-,-,0,0,1
destinate,False,?,?,0,-,-,-,0,1,0
detronizzato,False,?,?,0,-,-,-,0,1,0
detta,False,?,?,0,-,-,-,0,3,0
dette,False,?,?,0,-,-,-,0,9,0
detti,False,?,?,0,-,-,-,0,4,0
detto,False,?,-,0,-,-,-,0,10,2
deturpata,False,?,?,0,-,-,-,0,1,0
devastata,False,?,?,0,-,-,-,0,2,0
devastato,False,?,?,0,-,-,-,0,1,1
deviato,False,?,?,0,-,-,-,0,1,0
di,False,?,?,0,-,-,-,0,18,1
diagnosticato,False,?,?,0,-,-,-,0,1,0
dice,False,?,?,0,-,-,-,0,0,1
dichiarata,False,?,?,0,-,-,-,0,1,1
dichiarati,False,?,?,0,-,-,-,0,1,0
dichiarato,False,?,?,0,-,-,-,0,2,0
diciannove,False,?,?,0,-,-,-,0,1,0
diciannovenne,False,?,?,0,-,-,-,0,2,1
diciannovenni,False,?,?,0,-,-,-,0,0,1
diciassettenne,False,?,?,0,-,-,-,0,8,1
diciottenne,False,?,?,0,-,-,-,0,6,3
dieci,False,?,?,0,-,-,-,0,1,0
dietro,False,?,?,0,-,-,-,0,8,3
diffusa,False,?,?,0,-,-,-,0,5,0
diffusa-,False,?,?,0,-,-,-,0,1,0
diffusi,False,?,?,0,-,-,-,0,5,0
diffuso,False,?,?,0,-,-,-,0,6,0
digitato,False,?,?,0,-,-,-,0,0,1
dignitosa,False,?,?,0,-,-,-,0,1,1
dignitose,False,?,?,0,-,-,-,0,1,0
dignitoso,False,?,?,0,-,-,-,0,2,0
diligente,False,?,?,0,-,-,-,0,1,0
dimenticata,False,?,?,0,-,-,-,0,1,0
dimessa,False,?,?,0,-,-,-,0,1,1
dimessi,False,?,?,0,-,-,-,0,1,0
dimesso,False,?,?,0,-,-,-,0,4,0
dimesso-,False,?,?,0,-,-,-,0,3,0
dimissionario,False,?,?,0,-,-,-,0,1,0
dimissionato,False,?,?,0,-,-,-,0,3,0
dimostrata,False,?,?,0,-,-,-,0,1,0
dimostrato,False,?,?,0,-,-,-,0,1,0
dipinge,False,?,?,0,-,-,-,0,1,0
dipinti,False,?,?,0,-,-,-,0,0,1
dipinto,False,?,?,0,-,-,-,0,1,0
diplomata,False,?,?,0,-,-,-,0,1,1
diplomata-,False,?,?,0,-,-,-,0,0,1
diplomate,False,?,?,0,-,-,-,0,2,0
diplomati,False,?,Qualification or Set of Circumstances,0,-,-,-,0,3,0
diplomato,False,?,?,0,-,-,-,0,3,0
diplomato-,False,?,?,0,-,-,-,0,0,1
diramata,False,?,?,0,-,-,-,0,2,0
diretto,False,?,?,0,-,-,-,0,1,0
disarcionato,False,?,?,0,-,-,-,0,1,0
dischiuse,False,?,?,0,-,-,-,0,2,1
dischiusi,False,?,?,0,-,-,-,0,1,0
dischiuso,False,?,?,0,-,-,-,0,1,0
disciolta,False,?,?,0,-,-,-,0,1,0
disciolto,False,?,?,0,-,-,-,0,5,0
discosto,False,?,?,0,-,-,-,0,1,0
discreto,False,?,?,0,-,-,-,0,2,0
disegnata,False,?,?,0,-,-,-,0,3,0
disegnati,False,?,?,0,-,-,-,0,1,0
disegnato,False,?,?,0,-,-,-,0,4,0
disfatte,False,?,?,0,-,-,-,0,1,0
dismesso,False,?,?,0,-,-,-,0,2,1
disputata,False,?,?,0,-,-,-,0,1,0
disputate,False,?,?,0,-,-,-,0,1,0
dissequestrata,False,?,?,0,-,-,-,0,1,0
dissimulata,False,?,?,0,-,-,-,0,6,0
dissimulato,False,?,?,0,-,-,-,0,4,0
dissipato,False,?,?,0,-,-,-,0,1,0
dissodato,False,?,?,0,-,-,-,0,1,0
dissolta,False,?,?,0,-,-,-,0,1,0
distillato,False,?,?,0,-,-,-,0,1,0
distolgono,False,?,?,0,-,-,-,0,1,0
distratto,False,?,?,0,-,-,-,0,1,0
distribuita,False,?,?,0,-,-,-,0,2,0
distribuite,False,?,?,0,-,-,-,0,2,0
distribuito,False,?,?,0,-,-,-,0,1,0
distrutta,False,?,?,0,-,-,-,0,0,1
distrutti,False,?,?,0,-,-,-,0,0,1
disturbato,False,?,?,0,-,-,-,0,1,0
divelto,False,?,?,0,-,-,-,0,1,0
diventata,False,?,?,0,-,-,-,0,2,0
diventati,False,?,?,0,-,-,-,0,1,1
diventato,False,?,?,0,-,-,-,0,2,1
divenuto,False,?,?,0,-,-,-,0,1,1
diversa,False,?,?,0,-,-,-,0,3,0
diverso,False,?,?,0,-,-,-,0,1,0
divertito,False,?,?,0,-,-,-,0,1,0
divorziata,False,?,?,0,-,-,-,0,1,0
divorziato,False,?,?,0,-,-,-,0,0,1
dodicenne,False,?,?,0,-,-,-,0,1,2
dodicenni,False,?,?,0,-,-,-,0,1,0
dodici,False,?,?,0,-,-,-,0,1,0
domata,False,?,?,0,-,-,-,0,0,1
domati,False,?,?,0,-,-,-,0,1,0
domato,False,?,?,0,-,-,-,0,3,0
domenica,False,?,?,0,-,-,-,0,3,0
dopo,False,?,?,0,-,-,-,0,25,13
doppio,False,?,?,0,-,-,-,0,1,0
dorata,False,?,?,0,-,-,-,0,1,0
dorate,False,?,?,0,-,-,-,0,1,0
due,False,?,?,0,-,-,-,0,1,0
duecento,False,?,?,0,-,-,-,0,2,0
duemila,False,?,?,0,-,-,-,0,1,0
Dylan,False,?,?,0,-,-,-,0,1,0
è,False,?,?,0,-,-,-,0,3,0
edite,False,?,?,0,-,-,-,0,0,1
edito,False,?,?,0,-,-,-,0,4,0
edulcorati,False,?,?,0,-,-,-,0,1,0
effettuata,False,?,?,0,-,-,-,0,1,0
effettuate,False,?,?,0,-,-,-,0,2,0
effettuato,False,?,?,0,-,-,-,0,6,1
efficiente,False,?,?,0,-,-,-,0,1,0
egli,False,?,?,0,-,-,-,0,1,0
eguale,False,?,?,0,-,-,-,0,1,0
elaborati,False,?,?,0,-,-,-,0,1,0
elaborato,False,?,?,0,-,-,-,0,2,0
elargito,False,?,?,0,-,-,-,0,1,0
elenca-,False,?,?,0,-,-,-,0,1,0
elencate,False,?,?,0,-,-,-,0,2,1
elencati,False,?,?,0,-,-,-,0,4,6
eletta,False,?,Qualification or Set of Circumstances,0,-,-,-,0,6,0
elette,False,?,?,0,-,-,-,0,1,0
eletti,False,?,Qualification or Set of Circumstances#-,0,-,-,-,0,8,2
eletto,False,?,Qualification or Set of Circumstances,0,-,-,-,0,74,7
elevato,False,?,?,0,-,-,-,0,1,0
eliminata,False,?,?,0,-,-,-,0,1,0
eliminato,False,?,?,0,-,-,-,0,2,0
emanata,False,?,?,0,-,-,-,0,1,1
emanato,False,?,?,0,-,-,-,0,2,0
emancipato,False,?,?,0,-,-,-,0,1,0
emendata,False,?,?,0,-,-,-,0,1,0
emergenti,False,?,?,0,-,-,-,0,1,0
emersa,False,?,?,0,-,-,-,0,5,1
emerse,False,?,?,0,-,-,-,0,2,0
emersi,False,?,?,0,-,-,-,0,2,0
emerso,False,?,?,0,-,-,-,0,3,0
emessa,False,?,?,0,-,-,-,0,5,0
emessi,False,?,?,0,-,-,-,0,2,0
emesso,False,?,?,0,-,-,-,0,1,2
emigrato,False,?,?,0,-,-,-,0,1,0
entra,False,?,?,0,-,-,-,0,3,0
entrano,False,?,?,0,-,-,-,0,1,0
entrata,False,?,?,0,-,-,-,0,18,2
entrate,False,?,?,0,-,-,-,0,3,0
entrati,False,?,?,0,-,-,-,0,14,1
entrato,False,?,?,0,-,-,-,0,34,3
entri,False,?,?,0,-,-,-,0,1,0
enunciata,False,?,?,0,-,-,-,0,2,0
enunciate,False,?,?,0,-,-,-,0,1,0
enunciati,False,?,?,0,-,-,-,0,3,0
enunciato,False,?,?,0,-,-,-,0,2,0
epurato,False,?,?,0,-,-,-,0,1,0
era,False,?,?,0,-,-,-,0,2,0
ereditata,False,?,?,0,-,-,-,0,1,0
ereditato,False,?,?,0,-,-,-,0,1,0
eretta,False,?,?,0,-,-,-,0,0,4
esaltati,False,?,?,0,-,-,-,0,0,1
Esaltati,False,?,?,0,-,-,-,0,0,1
esamineranno,False,?,?,0,-,-,-,0,1,0
esaurito,False,?,?,0,-,-,-,0,3,0
esautorato,False,?,?,0,-,-,-,0,0,1
esce,False,?,?,0,-,-,-,0,4,0
esco,False,?,?,0,-,-,-,0,1,0
escono,False,?,?,0,-,-,-,0,1,0
eseguite,False,?,?,0,-,-,-,0,1,1
eseguiti,False,?,?,0,-,-,-,0,1,1
eseguito,False,?,?,0,-,-,-,0,2,1
esordiente,False,?,?,0,-,-,-,0,0,1
espiata,False,?,?,0,-,-,-,0,1,0
esplorato,False,?,?,0,-,-,-,0,1,0
esplosi,False,?,?,0,-,-,-,0,1,0
esploso,False,?,?,0,-,-,-,0,3,0
esposta,False,?,?,0,-,-,-,0,3,1
esposte,False,?,?,0,-,-,-,0,4,1
esposti,False,?,?,0,-,-,-,0,4,1
esposto,False,?,?,0,-,-,-,0,3,2
espressagli,False,?,?,0,-,-,-,0,1,0
espresse,False,?,?,0,-,-,-,0,2,0
espressi,False,?,?,0,-,-,-,0,1,0
espresso,False,?,?,0,-,-,-,0,4,1
espulso,False,?,?,0,-,-,-,0,1,0
essa,False,?,?,0,-,-,-,0,0,1
esse,False,?,?,0,-,-,-,0,1,0
estradato,False,?,?,0,-,-,-,0,4,0
estratti,False,?,?,0,-,-,-,0,1,1
estratto,False,?,?,0,-,-,-,0,2,2
evacuata,False,?,?,0,-,-,-,0,1,0
evacuate,False,?,?,0,-,-,-,0,3,0
evacuato,False,?,?,0,-,-,-,0,2,0
evaso,False,?,?,0,-,-,-,0,1,0
evitata,False,?,?,0,-,-,-,0,1,0
evitati,False,?,?,0,-,-,-,0,1,0
evitato,False,?,?,0,-,-,-,0,1,0
evocati,False,?,?,0,-,-,-,0,1,0
evocato,False,?,?,0,-,-,-,0,2,0
fa,False,?,?,0,-,-,-,0,2,0
fabbricata,False,?,?,0,-,-,-,0,1,0
fabbricato,False,?,?,0,-,-,-,0,2,0
facciamo,False,?,?,0,-,-,-,0,1,0
falciata,False,?,?,0,-,-,-,0,1,0
falciato,False,?,?,0,-,-,-,0,1,0
fallito,False,?,?,0,-,-,-,0,2,0
fatta,False,?,?,0,-,-,-,0,17,4
fatte,False,?,?,0,-,-,-,0,11,0
fatti,False,?,?,0,-,-,-,0,6,0
fatto,False,?,?,0,-,-,-,0,27,4
favorevole,False,?,?,0,-,-,-,0,1,0
fecondate,False,?,?,0,-,-,-,0,0,1
fecondato,False,?,?,0,-,-,-,0,4,0
felicemente,False,?,?,0,-,-,-,0,1,0
felpata,False,?,?,0,-,-,-,0,1,0
festeggiato,False,?,?,0,-,-,-,0,1,0
festosa,False,?,?,0,-,-,-,0,1,0
filmate,False,?,?,0,-,-,-,0,0,1
finisca,False,?,?,0,-,-,-,0,1,0
finisce,False,?,?,0,-,-,-,0,2,0
finiscono,False,?,?,0,-,-,-,0,0,1
finita,False,?,?,0,-,-,-,0,43,3
finite,False,?,?,0,-,-,-,0,9,0
finiti,False,?,?,0,-,-,-,0,5,0
finito,False,?,-,0,-,-,-,0,57,3
firmata,False,?,?,0,-,-,-,0,9,0
firmati,False,?,?,0,-,-,-,0,6,0
firmato,False,?,?,0,-,-,-,0,65,3
fissata,False,?,?,0,-,-,-,0,1,0
fissate,False,?,?,0,-,-,-,0,3,0
fissati,False,?,?,0,-,-,-,0,1,0
fissato,False,?,?,0,-,-,-,0,3,0
fiutato,False,?,?,0,-,-,-,0,1,0
fondata,False,?,?,0,-,-,-,0,8,9
fondato,False,?,?,0,-,-,-,0,4,1
forgiata,False,?,?,0,-,-,-,0,0,2
Forlani,False,?,?,0,-,-,-,0,1,0
formale,False,?,?,0,-,-,-,0,1,0
formalizzata,False,?,?,0,-,-,-,0,1,0
formalizzate,False,?,?,0,-,-,-,0,1,0
formalizzato,False,?,?,0,-,-,-,0,0,1
formata,False,?,?,0,-,-,-,0,2,8
formata-,False,?,?,0,-,-,-,0,2,1
formate,False,?,?,0,-,-,-,0,1,2
formate-,False,?,?,0,-,-,-,0,0,1
formati,False,?,?,0,-,-,-,0,2,2
formato,False,?,?,0,-,-,-,0,20,9
formulata,False,?,?,0,-,-,-,0,3,0
formulate,False,?,?,0,-,-,-,0,1,0
formulati,False,?,?,0,-,-,-,0,1,0
formulato,False,?,?,0,-,-,-,0,1,0
fornita,False,?,?,0,-,-,-,0,1,2
fornite,False,?,?,0,-,-,-,0,1,0
forniti,False,?,?,0,-,-,-,0,2,0
fornito,False,?,?,0,-,-,-,0,2,0
fosse,False,?,?,0,-,-,-,0,1,1
fossi,False,?,?,0,-,-,-,0,1,0
fotocopiata,False,?,?,0,-,-,-,0,1,0
fotografata,False,?,?,0,-,-,-,0,1,0
fotografate,False,?,?,0,-,-,-,0,1,0
fracassata,False,?,?,0,-,-,-,0,1,0
frantumata,False,?,?,0,-,-,-,0,1,0
fredda,False,?,?,0,-,-,-,0,1,0
freddo,False,?,?,0,-,-,-,0,1,0
frenato,False,?,?,0,-,-,-,0,1,0
fresca,False,?,?,0,-,-,-,0,1,0
fresco,False,?,?,0,-,-,-,0,0,1
frugata,False,?,?,0,-,-,-,0,1,0
fucilata,False,?,?,0,-,-,-,0,0,1
fuggiti,False,?,?,0,-,-,-,0,1,1
fuggito,False,?,?,0,-,-,-,0,1,0
fumanti,False,?,?,0,-,-,-,0,1,0
funesto,False,?,?,0,-,-,-,0,1,0
fuori,False,?,?,0,-,-,-,0,85,22
fuse,False,?,?,0,-,-,-,0,0,1
fuso,False,?,?,0,-,-,-,0,0,1
gagliarda,False,?,?,0,-,-,-,0,1,0
generata,False,?,?,0,-,-,-,0,0,1
generato,False,?,?,0,-,-,-,0,0,2
Gerusalemme,False,?,?,0,-,-,-,0,1,0
gettata,False,?,?,0,-,-,-,0,2,0
giocata,False,?,?,0,-,-,-,0,4,2
giocate,False,?,?,0,-,-,-,0,1,0
giocato,False,?,?,0,-,-,-,0,1,0
giocheranno,False,?,?,0,-,-,-,0,1,0
giovedì,False,?,?,0,-,-,-,0,2,0
girata,False,?,?,0,-,-,-,0,1,0
girate,False,?,?,0,-,-,-,0,1,0
girato,False,?,?,0,-,-,-,0,3,0
giù,False,?,?,0,-,-,-,0,1,0
giudicata,False,?,?,0,-,-,-,0,1,0
giungono,False,?,?,0,-,-,-,0,1,0
giunsi,False,?,?,0,-,-,-,0,1,0
giunta,False,?,?,0,-,-,-,0,7,4
giunte,False,?,?,0,-,-,-,0,1,1
giunti,False,?,?,0,-,-,-,0,12,3
giunto,False,?,?,0,-,-,-,0,15,4
giustiziati,False,?,?,0,-,-,-,0,1,0
godibile,False,?,?,0,-,-,-,0,1,0
gonfiata,False,?,?,0,-,-,-,0,1,0
gradevole,False,?,?,0,-,-,-,0,1,0
graffiate,False,?,?,0,-,-,-,0,1,0
guadagnata,False,?,?,0,-,-,-,0,1,0
guadagnati,False,?,?,0,-,-,-,0,1,0
guarita,False,?,?,0,-,-,-,0,1,0
guarito,False,?,?,0,-,-,-,0,5,0
Guglielmi,False,?,?,0,-,-,-,0,1,0
hai,False,?,?,0,-,-,-,0,1,0
hanno,False,?,?,0,-,-,-,0,0,1
ideata,False,?,?,0,-,-,-,0,1,0
ideati,False,?,?,0,-,-,-,0,1,0
ieri,False,?,?,0,-,-,-,0,10,0
illuminata,False,?,?,0,-,-,-,0,2,0
illuminati,False,?,?,0,-,-,-,0,2,0
illuminato,False,?,?,0,-,-,-,0,2,0
illustrata,False,?,?,0,-,-,-,0,2,0
illustrato,False,?,?,0,-,-,-,0,2,1
imbarazzato,False,?,?,0,-,-,-,0,1,0
imbarcati,False,?,?,0,-,-,-,0,1,0
imbastita,False,?,?,0,-,-,-,0,1,0
imbastiti,False,?,?,0,-,-,-,0,1,0
imbastito,False,?,?,0,-,-,-,0,1,0
imbiancata,False,?,?,0,-,-,-,0,1,0
imboccata,False,?,?,0,-,-,-,0,4,0
immagina-,False,?,?,0,-,-,-,0,1,0
immaginati,False,?,?,0,-,-,-,0,1,0
immaginato,False,?,?,0,-,-,-,0,1,0
immerso,False,?,?,0,-,-,-,0,0,1
immesso,False,?,?,0,-,-,-,0,2,0
impalmata,False,?,?,0,-,-,-,0,1,0
imparata,False,?,?,0,-,-,-,0,0,1
imparate,False,?,?,0,-,-,-,0,2,0
impastato,False,?,?,0,-,-,-,0,0,2
imperlato,False,?,?,0,-,-,-,0,1,0
impiantati,False,?,?,0,-,-,-,0,1,0
impiantato,False,?,?,0,-,-,-,0,2,1
impolverate,False,?,?,0,-,-,-,0,1,0
importate,False,?,?,0,-,-,-,0,1,0
impostata,False,?,?,0,-,-,-,0,2,0
impostato,False,?,?,0,-,-,-,0,1,0
imposto,False,?,?,0,-,-,-,0,2,0
impugnata,False,?,?,0,-,-,-,0,1,0
in,False,?,?,0,-,-,-,0,29,17
inasprita,False,?,?,0,-,-,-,0,1,0
inaugurata,False,?,?,0,-,-,-,0,16,1
inaugurati,False,?,?,0,-,-,-,0,3,0
inaugurato,False,?,?,0,-,-,-,0,15,2
incamerate,False,?,?,0,-,-,-,0,1,0
incanutito,False,?,?,0,-,-,-,0,1,0
incaricati,False,?,?,0,-,-,-,0,1,0
incaricato,False,?,?,0,-,-,-,0,1,0
incassata,False,?,?,0,-,-,-,0,2,0
incassati,False,?,?,0,-,-,-,0,2,0
incassato,False,?,?,0,-,-,-,0,3,0
incerto,False,?,?,0,-,-,-,0,1,0
incipriato,False,?,?,0,-,-,-,0,1,0
inciso,False,?,?,0,-,-,-,0,0,1
inclinata,False,?,?,0,-,-,-,0,1,0
inclinati,False,?,?,0,-,-,-,0,1,0
incominciata,False,?,?,0,-,-,-,0,2,0
incominciato,False,?,?,0,-,-,-,0,4,0
incontrata,False,?,?,0,-,-,-,0,1,0
incontrato,False,?,?,0,-,-,-,0,4,2
incorniciato,False,?,?,0,-,-,-,0,1,0
incoronato,False,?,?,0,-,-,-,0,0,2
incorporati,False,?,?,0,-,-,-,0,0,1
increspa-,False,?,?,0,-,-,-,0,1,0
increspata,False,?,?,0,-,-,-,0,2,0
increspate,False,?,?,0,-,-,-,0,2,0
increspato,False,?,?,0,-,-,-,0,6,0
incrinata,False,?,?,0,-,-,-,0,2,0
incrinati,False,?,?,0,-,-,-,0,1,0
incuriosito,False,?,?,0,-,-,-,0,1,0
incurvite,False,?,?,0,-,-,-,0,1,0
indicata,False,?,?,0,-,-,-,0,4,0
indicate,False,?,?,0,-,-,-,0,3,0
indicati,False,?,?,0,-,-,-,0,3,2
indicato,False,?,?,0,-,-,-,0,2,2
indipendenti,False,?,?,0,-,-,-,0,0,1
indistintamente,False,?,?,0,-,-,-,0,1,0
individuata,False,?,?,0,-,-,-,0,1,0
individuate,False,?,?,0,-,-,-,0,0,1
individuati,False,?,?,0,-,-,-,0,0,1
indossata,False,?,?,0,-,-,-,0,1,0
indovinata,False,?,?,0,-,-,-,0,1,0
indurito,False,?,?,0,-,-,-,0,1,0
infastidita,False,?,?,0,-,-,-,0,1,0
inferiore,False,?,?,0,-,-,-,0,15,3
inflitti,False,?,?,0,-,-,-,0,1,0
inflitto,False,?,?,0,-,-,-,0,2,0
informato,False,?,?,0,-,-,-,0,2,0
infornata,False,?,?,0,-,-,-,0,1,0
ingaggiata,False,?,?,0,-,-,-,0,1,0
ingaggiate,False,?,?,0,-,-,-,0,1,0
ingaggiati,False,?,?,0,-,-,-,0,1,0
ingaggiato,False,?,?,0,-,-,-,0,3,0
inghiottiti,False,?,?,0,-,-,-,0,1,0
ingrigiti,False,?,?,0,-,-,-,0,4,0
inizia,False,?,?,0,-,-,-,0,2,0
iniziale,False,?,?,0,-,-,-,0,1,0
iniziata,False,?,?,0,-,-,-,0,50,7
iniziate,False,?,?,0,-,-,-,0,10,2
iniziati,False,?,?,0,-,-,-,0,3,2
iniziato,False,?,?,0,-,-,-,0,100,3
innaffiata,False,?,?,0,-,-,-,0,1,0
insaporito,False,?,?,0,-,-,-,0,1,0
inscenato,False,?,?,0,-,-,-,0,1,0
insediata,False,?,?,0,-,-,-,0,2,0
insediate,False,?,?,0,-,-,-,0,2,0
insediati,False,?,?,0,-,-,-,0,3,0
insediato,False,?,?,0,-,-,-,0,30,2
insediato-,False,?,?,0,-,-,-,0,2,0
inserito,False,?,?,0,-,-,-,0,1,2
insidiata,False,?,?,0,-,-,-,0,1,0
installati,False,?,?,0,-,-,-,0,2,0
installati-,False,?,?,0,-,-,-,0,1,0
installato,False,?,?,0,-,-,-,0,1,1
instaurata,False,?,?,0,-,-,-,0,0,1
instaurato,False,?,?,0,-,-,-,0,1,3
intaccato,False,?,?,0,-,-,-,0,1,0
intascata,False,?,?,0,-,-,-,0,1,0
intavolata,False,?,?,0,-,-,-,0,1,0
internalizzata,False,?,?,0,-,-,-,0,0,1
interpellate,False,?,?,0,-,-,-,0,1,0
interpretato,False,?,?,0,-,-,-,0,1,0
interrata,False,?,?,0,-,-,-,0,0,1
interrotta,False,?,?,0,-,-,-,0,2,0
intonata,False,?,?,0,-,-,-,0,1,0
intorbidito,False,?,?,0,-,-,-,0,1,0
intrapresa,False,?,?,0,-,-,-,0,7,1
intrapreso,False,?,?,0,-,-,-,0,5,0
intravista,False,?,?,0,-,-,-,0,6,0
intravisti,False,?,?,0,-,-,-,0,1,0
intravisto,False,?,?,0,-,-,-,0,2,0
introdotta,False,?,?,0,-,-,-,0,6,3
introdotte,False,?,?,0,-,-,-,0,2,2
introdotti,False,?,?,0,-,-,-,0,1,1
introdotto,False,?,?,0,-,-,-,0,4,0
intronizzato,False,?,?,0,-,-,-,0,0,1
intuibili,False,?,?,0,-,-,-,0,2,0
intuite,False,?,?,0,-,-,-,0,1,0
inumidito,False,?,?,0,-,-,-,0,1,0
inurbate,False,?,?,0,-,-,-,0,1,0
invasa,False,?,?,0,-,-,-,0,2,0
invaso,False,?,?,0,-,-,-,0,1,0
inventata,False,?,?,0,-,-,-,0,2,1
inventato,False,?,?,0,-,-,-,0,2,0
investiti,False,?,?,0,-,-,-,0,1,0
invia,False,?,?,0,-,-,-,0,1,0
inviata,False,?,?,0,-,-,-,0,2,0
inviatagli,False,?,?,0,-,-,-,0,1,0
inviate,False,?,?,0,-,-,-,0,2,0
inviati,False,?,?,0,-,-,-,0,1,0
inviato,False,?,?,0,-,-,-,0,1,0
ironico,False,?,?,0,-,-,-,0,2,0
ironizzata,False,?,?,0,-,-,-,0,1,0
ispessisce,False,?,?,0,-,-,-,0,1,0
Istanbul,False,?,?,0,-,-,-,0,1,0
istituita,False,?,?,0,-,-,-,0,3,5
istituite,False,?,?,0,-,-,-,0,1,2
istituiti,False,?,?,0,-,-,-,0,1,0
istituito,False,?,?,0,-,-,-,0,3,3
lanciata,False,?,?,0,-,-,-,0,8,0
lanciate,False,?,?,0,-,-,-,0,1,0
lanciato,False,?,?,0,-,-,-,0,6,0
larga,False,?,?,0,-,-,-,0,1,0
lasciata,False,?,?,0,-,-,-,0,4,1
lasciate,False,?,?,0,-,-,-,0,1,0
lasciato,False,?,?,0,-,-,-,0,8,2
laureata,False,?,Qualification or Set of Circumstances,0,-,-,-,0,3,0
laureati,False,?,Qualification or Set of Circumstances,0,-,-,-,0,2,0
laureato,False,?,Qualification or Set of Circumstances,0,-,-,-,0,12,0
laureato-,False,?,?,0,-,-,-,0,1,2
lavata,False,?,?,0,-,-,-,0,2,0
lavate,False,?,?,0,-,-,-,0,2,0
lavati,False,?,?,0,-,-,-,0,2,0
lavato,False,?,?,0,-,-,-,0,1,0
le,False,?,?,0,-,-,-,0,2,0
legato,False,?,?,0,-,-,-,0,0,2
lessata,False,?,?,0,-,-,-,0,0,1
letta,False,?,?,0,-,-,-,0,2,1
lette,False,?,?,0,-,-,-,0,2,0
letti,False,?,?,0,-,-,-,0,1,1
letto,False,?,?,0,-,-,-,0,4,5
liberalizzati,False,?,?,0,-,-,-,0,1,0
liberata,False,?,?,0,-,-,-,0,11,3
liberata-,False,?,?,0,-,-,-,0,1,0
liberate,False,?,?,0,-,-,-,0,4,0
liberati,False,?,?,0,-,-,-,0,7,1
liberato,False,?,?,0,-,-,-,0,11,0
liberi,False,?,?,0,-,-,-,0,1,0
licenziata,False,?,?,0,-,-,-,0,3,0
licenziati,False,?,?,0,-,-,-,0,2,0
licenziato,False,?,?,0,-,-,-,0,7,2
liftato,False,?,?,0,-,-,-,0,1,0
logico,False,?,?,0,-,-,-,0,1,0
lontano,False,?,?,0,-,-,-,0,1,0
lui,False,?,?,0,-,-,-,0,5,0
lunedì,False,?,?,0,-,-,-,0,1,0
lustrato,False,?,?,0,-,-,-,0,1,0
Luzhkov,False,?,?,0,-,-,-,0,1,0
macchiate,False,?,?,0,-,-,-,0,1,0
macellata,False,?,?,0,-,-,-,0,1,0
macherato,False,?,?,0,-,-,-,0,1,0
maggiore,False,?,Role,0,-,-,-,0,1,4
maggiorenne,False,?,?,0,-,-,-,0,1,2
maggiorenni,False,?,?,0,-,-,-,0,3,1
malcelata,False,?,?,0,-,-,-,0,1,0
mandata,False,?,?,0,-,-,-,0,1,0
mangiato,False,?,?,0,-,-,-,0,1,0
marginale,False,?,?,0,-,-,-,0,0,1
maritata,False,?,?,0,-,-,-,0,0,1
martedì,False,?,?,0,-,-,-,0,3,0
mascherata,False,?,?,0,-,-,-,0,7,1
mascherati,False,?,?,0,-,-,-,0,1,0
mascherato,False,?,?,0,-,-,-,0,5,0
medio,False,?,?,0,-,-,-,0,1,0
mediocre,False,?,?,0,-,-,-,0,3,0
meglio,False,?,?,0,-,-,-,0,2,0
meno,False,?,?,0,-,-,-,0,3,0
mentovati,False,?,?,0,-,-,-,0,1,0
menzionata,False,?,?,0,-,-,-,0,1,0
menzionate,False,?,?,0,-,-,-,0,0,1
menzionati,False,?,?,0,-,-,-,0,3,4
menzionato,False,?,?,0,-,-,-,0,2,2
messa,False,?,?,0,-,-,-,0,8,0
messe,False,?,?,0,-,-,-,0,4,0
messi,False,?,?,0,-,-,-,0,4,0
messo,False,?,?,0,-,-,-,0,18,0
mette,False,?,?,0,-,-,-,0,3,0
mettevano,False,?,?,0,-,-,-,0,2,0
metti,False,?,?,0,-,-,-,0,2,0
mettiamo,False,?,?,0,-,-,-,0,1,0
metto,False,?,?,0,-,-,-,0,1,0
mettono,False,?,?,0,-,-,-,0,5,0
mezz,False,?,?,0,-,-,-,0,2,0
mietuto,False,?,?,0,-,-,-,0,1,0
migliore,False,?,?,0,-,-,-,0,2,0
miglioreranno,False,?,?,0,-,-,-,0,1,0
minore,False,?,?,0,-,-,-,0,1,0
mitigata,False,?,?,0,-,-,-,0,1,0
mitigato,False,?,?,0,-,-,-,0,1,0
modellato,False,?,?,0,-,-,-,0,1,0
modificata,False,?,?,0,-,-,-,0,1,0
modificato,False,?,?,0,-,-,-,0,3,1
molestati,False,?,?,0,-,-,-,0,1,0
mollata,False,?,?,0,-,-,-,0,1,0
montata,False,?,?,0,-,-,-,0,1,0
montate,False,?,?,0,-,-,-,0,1,0
montati,False,?,?,0,-,-,-,0,1,0
montato,False,?,?,0,-,-,-,0,2,0
Montecitorio,False,?,?,0,-,-,-,0,1,0
mormorata,False,?,?,0,-,-,-,0,1,0
morso,False,?,?,1,-,-,-,0,0,1
morta,False,?,Qualification or Set of Circumstances,0,-,-,-,0,5,3
morti,False,?,Qualification or Set of Circumstances,0,-,-,-,0,1,0
morto,False,?,Qualification or Set of Circumstances,0,-,-,-,0,7,2
mossi,False,?,?,0,-,-,-,0,2,0
mostrato,False,?,?,0,-,-,-,0,1,0
mozzata,False,?,?,0,-,-,-,0,0,2
multato,False,?,?,0,-,-,-,0,1,0
munto,False,?,?,0,-,-,-,0,4,3
muovi,False,?,?,0,-,-,-,0,1,0
narrata,False,?,?,0,-,-,-,0,0,1
narrati,False,?,?,0,-,-,-,0,0,1
narrato,False,?,?,0,-,-,-,0,0,1
nasce,False,?,?,0,-,-,-,0,2,0
nascosta,False,?,?,0,-,-,-,0,1,0
nascosti,False,?,?,0,-,-,-,0,1,0
nascosto,False,?,?,0,-,-,-,0,2,0
nata,False,?,?,1,-,-,-,0,120,29
nate,False,?,?,1,-,-,-,0,13,4
nati,False,?,-,1,-,-,-,0,39,25
nato,False,?,?,2,-,-,-,0,188,53
naufragata,False,?,?,0,-,-,-,0,1,0
naufragato,False,?,?,0,-,-,-,0,1,0
nazionalizzata,False,?,?,0,-,-,-,0,1,0
negati,False,?,?,0,-,-,-,0,1,0
negativo,False,?,?,0,-,-,-,0,1,0
nel,False,?,?,0,-,-,-,0,3,3
nella,False,?,?,0,-,-,-,0,2,0
neonati,False,?,?,0,-,-,-,0,1,0
neonato,False,?,?,0,-,-,-,0,0,1
nominata,False,?,?,0,-,-,-,0,3,0
nominate,False,?,?,0,-,-,-,0,0,1
nominati,False,?,Qualification or Set of Circumstances,0,-,-,-,0,13,0
nominato,False,?,Qualification or Set of Circumstances,0,-,-,-,0,16,4
normale,False,?,?,0,-,-,-,0,4,0
normali,False,?,?,0,-,-,-,0,1,0
noti,False,?,?,0,-,-,-,0,1,0
notificati,False,?,?,0,-,-,-,0,1,0
occupata,False,?,?,0,-,-,-,0,1,0
occupati,False,?,?,0,-,-,-,0,1,1
offerta,False,?,?,0,-,-,-,0,1,0
offuscato,False,?,?,0,-,-,-,0,1,0
oltre,False,?,?,0,-,-,-,0,10,2
oltrefrontiera,False,?,?,0,-,-,-,0,1,0
oltrepassata,False,?,?,0,-,-,-,0,1,0
omaggiato,False,?,?,0,-,-,-,0,1,0
ombreggiato,False,?,?,0,-,-,-,0,3,0
operata,False,?,?,0,-,-,-,0,3,0
operati,False,?,?,0,-,-,-,0,1,0
operato,False,?,?,0,-,-,-,0,7,2
ordinata,False,?,?,0,-,-,-,0,1,0
ordinati,False,?,?,0,-,-,-,0,1,0
organizzato,False,?,?,0,-,-,-,0,2,0
osservati,False,?,?,0,-,-,-,0,1,0
ossigenati,False,?,?,0,-,-,-,0,1,0
ossigenato,False,?,?,0,-,-,-,0,0,1
ostentato,False,?,?,0,-,-,-,0,1,0
ottenuta,False,?,?,0,-,-,-,0,2,3
ottenute,False,?,?,0,-,-,-,0,2,0
ottenuti,False,?,?,0,-,-,-,0,5,0
ottenuto,False,?,?,0,-,-,-,0,11,1
otto,False,?,?,0,-,-,-,0,1,0
pacificate,False,?,?,0,-,-,-,0,0,1
pagate,False,?,?,0,-,-,-,0,1,0
pagati,False,?,?,0,-,-,-,0,1,0
pagato,False,?,?,0,-,-,-,0,1,0
Paola,False,?,?,0,-,-,-,0,1,0
paragonabile,False,?,?,0,-,-,-,0,2,0
parcheggiata,False,?,?,0,-,-,-,0,1,0
parlato,False,?,?,0,-,-,-,0,2,0
partita,False,?,Event#-,0,-,-,-,0,2,0
partite,False,?,?,0,-,-,-,0,2,1
partiti,False,?,?,0,-,-,-,0,0,1
partito,False,?,Qualification or Set of Circumstances,0,-,-,-,0,8,1
partorita,False,?,?,0,-,-,-,0,8,1
partoriti,False,?,?,0,-,-,-,0,2,0
partorito,False,?,?,0,-,-,-,0,8,2
pasitiva,False,?,?,0,-,-,-,0,1,0
passabile,False,?,?,0,-,-,-,0,6,0
passabili,False,?,?,0,-,-,-,0,1,0
passata,False,?,?,1,-,-,-,0,28,2
passate,False,?,?,0,-,-,-,0,8,0
passati,False,?,?,0,-,-,-,0,9,0
patentati,False,?,Qualification or Set of Circumstances,0,-,-,-,0,1,0
patita,False,?,?,0,-,-,-,0,1,0
peggiore,False,?,?,0,-,-,-,0,0,1
per,False,?,?,0,-,-,-,0,14,0
percepibile,False,?,?,0,-,-,-,0,8,1
percepita,False,?,?,0,-,-,-,0,2,0
percettibile,False,?,?,1,-,-,-,0,16,3
percettibili,False,?,?,0,-,-,-,0,1,1
percorsi,False,?,?,0,-,-,-,0,1,0
perduta,False,?,?,0,-,-,-,0,4,0
perdute,False,?,?,0,-,-,-,0,1,0
perduto,False,?,?,0,-,-,-,0,2,0
perfezionato,False,?,?,0,-,-,-,0,1,0
perforata,False,?,?,0,-,-,-,0,1,0
permette,False,?,?,0,-,-,-,0,0,1
perpetrata,False,?,?,0,-,-,-,0,1,0
persa,False,?,?,0,-,-,-,0,1,0
perse,False,?,?,0,-,-,-,0,0,1
perturbata,False,?,?,0,-,-,-,0,1,0
pervenuta,False,?,?,0,-,-,-,0,1,0
pervenuto,False,?,?,0,-,-,-,0,0,1
pescata,False,?,?,0,-,-,-,0,2,1
pescato,False,?,?,0,-,-,-,0,4,3
piantato,False,?,?,0,-,-,-,0,1,0
Piccoli,False,?,?,0,-,-,-,0,1,0
piegate,False,?,?,0,-,-,-,0,1,0
piombata,False,?,?,0,-,-,-,0,1,0
pioverà,False,?,?,0,-,-,-,0,1,0
pitturate,False,?,?,0,-,-,-,0,1,0
più,False,?,?,0,-,-,-,0,15,4
plebiscitato,False,?,?,0,-,-,-,0,1,0
poco,False,?,?,0,-,-,-,0,1,0
poggiate,False,?,?,0,-,-,-,0,1,0
portata,False,?,?,0,-,-,-,0,3,0
portato,False,?,?,0,-,-,-,0,1,1
posata,False,?,?,0,-,-,-,0,1,0
posati,False,?,?,0,-,-,-,0,1,0
possibile,False,?,?,0,-,-,-,0,41,5
posso,False,?,?,0,-,-,-,0,4,0
possono,False,?,?,0,-,-,-,0,0,1
posto,False,?,?,0,-,-,-,0,0,2
potati,False,?,?,0,-,-,-,0,1,0
potrò,False,?,?,0,-,-,-,0,1,0
precedente,False,?,?,0,-,-,-,0,7,3
precedenti,False,?,?,0,-,-,-,0,5,0
precipitato,False,?,?,0,-,-,-,0,1,1
pre-conciliare,False,?,?,0,-,-,-,0,1,0
predate,False,?,?,0,-,-,-,0,1,0
predisposta,False,?,?,0,-,-,-,0,2,0
predisposte,False,?,?,0,-,-,-,0,1,0
prelevati,False,?,?,0,-,-,-,0,1,1
prelevato,False,?,?,0,-,-,-,0,1,0
premiata,False,?,?,0,-,-,-,0,2,0
premiate,False,?,?,0,-,-,-,0,1,0
premiato,False,?,?,0,-,-,-,0,2,0
prende,False,?,?,0,-,-,-,0,1,1
prenderà,False,?,?,0,-,-,-,0,1,0
preparata,False,?,?,0,-,-,-,0,1,1
preparate,False,?,?,0,-,-,-,0,1,0
preparato,False,?,?,0,-,-,-,0,1,0
presa,False,?,?,0,-,-,-,0,16,0
prese,False,?,?,0,-,-,-,0,4,0
presentata,False,?,?,0,-,-,-,0,7,0
presentate,False,?,?,0,-,-,-,0,3,0
presentati,False,?,?,0,-,-,-,0,3,1
presentato,False,?,?,0,-,-,-,0,30,1
presento,False,?,?,0,-,-,-,0,1,0
presi,False,?,?,0,-,-,-,0,1,0
preso,False,?,?,0,-,-,-,0,5,3
pressata,False,?,?,0,-,-,-,0,1,0
Previti,False,?,?,0,-,-,-,0,1,0
prima,False,?,?,0,-,-,-,0,16,24
privatizzata,False,?,?,0,-,-,-,0,9,0
privatizzate,False,?,?,0,-,-,-,0,6,1
privatizzati,False,?,?,0,-,-,-,0,3,0
privatizzato,False,?,?,0,-,-,-,0,3,0
proclama-,False,?,?,0,-,-,-,0,1,0
proclamata,False,?,?,0,-,-,-,0,1,0
proclamati,False,?,?,0,-,-,-,0,1,0
proclamato,False,?,?,0,-,-,-,0,2,0
prodotta,False,?,?,0,-,-,-,0,1,4
prodotti,False,?,?,0,-,-,-,0,0,2
prodotto,False,?,?,0,-,-,-,0,1,2
professati,False,?,?,0,-,-,-,0,1,0
progettata,False,?,?,0,-,-,-,0,1,0
promesso,False,?,?,0,-,-,-,0,3,0
promettente,False,?,?,0,-,-,-,0,1,0
promossa,False,?,Qualification or Set of Circumstances,0,-,-,-,0,6,3
promossi,False,?,?,0,-,-,-,0,2,0
promosso,False,?,Qualification or Set of Circumstances,0,-,-,-,0,2,3
pronte,False,?,?,0,-,-,-,0,1,0
pronunciata,False,?,?,0,-,-,-,0,5,1
pronunciate,False,?,?,0,-,-,-,0,4,2
pronunciato,False,?,?,0,-,-,-,0,3,0
proposta,False,?,Event,0,-,-,-,0,1,0
proposti,False,?,?,0,-,-,-,0,1,0
proposto,False,?,?,0,-,-,-,0,2,0
prospettate,False,?,?,0,-,-,-,0,1,0
prossima,False,?,?,0,-,-,-,0,1,0
protette,False,?,?,0,-,-,-,0,1,0
protetto,False,?,?,0,-,-,-,0,0,1
provocati,False,?,?,0,-,-,-,0,1,0
pubblicata,False,?,?,0,-,-,-,0,33,1
pubblicate,False,?,?,0,-,-,-,0,5,1
pubblicati,False,?,?,0,-,-,-,0,4,0
pubblicato,False,?,?,0,-,-,-,0,130,0
puberi,False,?,?,0,-,-,-,0,1,0
puerpere,False,?,?,0,-,-,-,0,0,1
puliti,False,?,?,0,-,-,-,0,1,0
pulito,False,?,?,0,-,-,-,0,1,0
punteggiata,False,?,?,0,-,-,-,0,1,0
può,False,?,?,0,-,-,-,0,5,0
puoi,False,?,?,0,-,-,-,0,1,0
purgata,False,?,?,0,-,-,-,0,1,0
qualcosa,False,?,?,0,-,-,-,0,1,0
qualcuno,False,?,?,0,-,-,-,0,1,0
quarantasettenne,False,?,?,0,-,-,-,0,1,0
quarantenne,False,?,?,0,-,-,-,0,3,0
quattordicenne,False,?,?,0,-,-,-,0,3,0
quattordicenni,False,?,?,0,-,-,-,0,1,0
quattro,False,?,?,0,-,-,-,0,2,1
quello,False,?,?,0,-,-,-,0,1,0
questi,False,?,?,0,-,-,-,0,0,1
questo,False,?,?,0,-,-,-,0,2,1
quindicenne,False,?,?,0,-,-,-,0,0,3
quinti,False,?,?,0,-,-,-,0,1,0
quinto,False,?,?,0,-,-,-,0,1,0
quotate,False,?,?,0,-,-,-,0,1,0
raccolta,False,?,-,0,-,-,-,0,0,1
raccolte,False,?,?,0,-,-,-,0,0,2
raccolti,False,?,?,0,-,-,-,0,5,1
raccolto,False,?,?,0,-,-,-,0,3,1
raccontata,False,?,?,0,-,-,-,0,2,0
raccontati,False,?,?,0,-,-,-,0,1,0
radunato,False,?,?,0,-,-,-,0,0,1
raffreddato,False,?,?,0,-,-,-,0,1,1
ragazzo,False,?,Kinship,0,-,-,-,0,1,0
raggiungevano,False,?,?,0,-,-,-,0,1,0
raggiunta,False,?,?,0,-,-,-,0,15,1
raggiunte,False,?,?,0,-,-,-,0,2,0
raggiunti,False,?,?,0,-,-,-,0,5,2
raggiunto,False,?,?,0,-,-,-,0,43,1
ragionevole,False,?,?,0,-,-,-,0,2,0
rallentato,False,?,?,0,-,-,-,0,1,0
rallentiamo,False,?,?,0,-,-,-,0,1,0
rammodernate,False,?,?,0,-,-,-,0,1,0
rapinata,False,?,?,0,-,-,-,0,1,0
rapinati,False,?,?,0,-,-,-,0,1,0
rapito,False,?,?,0,-,-,-,0,1,0
rappezzato,False,?,?,0,-,-,-,0,1,0
rappresentata,False,?,?,0,-,-,-,0,1,0
rappresentato,False,?,?,0,-,-,-,0,1,0
rasato,False,?,?,0,-,-,-,0,1,0
rastrellati,False,?,?,0,-,-,-,0,1,0
ratificata,False,?,?,0,-,-,-,0,2,0
ratificato,False,?,?,0,-,-,-,0,1,0
ravvivato,False,?,?,0,-,-,-,0,1,0
razionale,False,?,?,0,-,-,-,0,1,0
realizzata,False,?,?,0,-,-,-,0,3,3
realizzate,False,?,?,0,-,-,-,0,0,1
realizzati,False,?,?,0,-,-,-,0,1,2
realizzato,False,?,?,0,-,-,-,0,9,0
reclinata,False,?,?,0,-,-,-,0,1,0
reclutati,False,?,?,0,-,-,-,0,0,1
reclutato,False,?,?,0,-,-,-,0,1,0
recuperata,False,?,?,0,-,-,-,0,3,0
recuperate,False,?,?,0,-,-,-,0,3,2
recuperato,False,?,?,0,-,-,-,0,2,1
redatta,False,?,?,0,-,-,-,0,1,0
redatto,False,?,?,0,-,-,-,0,3,0
reduce,False,?,?,0,-,-,-,0,8,1
regalato,False,?,?,0,-,-,-,0,2,0
registrata,False,?,?,0,-,-,-,0,2,2
registrate,False,?,?,0,-,-,-,0,1,1
registrati,False,?,?,0,-,-,-,0,1,0
registrato,False,?,?,0,-,-,-,0,6,0
reinsediato,False,?,?,0,-,-,-,0,1,0
reintrodotto,False,?,?,0,-,-,-,0,0,1
reiterato,False,?,?,0,-,-,-,0,1,0
replicati,False,?,?,0,-,-,-,0,1,0
repressi,False,?,?,0,-,-,-,0,1,0
represso,False,?,?,0,-,-,-,0,1,0
resa,False,?,?,0,-,-,-,0,6,1
resa-,False,?,?,0,-,-,-,0,1,0
rescisso,False,?,?,0,-,-,-,0,1,0
rese,False,?,?,0,-,-,-,0,4,0
resi,False,?,?,0,-,-,-,0,4,0
reso,False,?,?,0,-,-,-,0,5,0
reso-,False,?,?,0,-,-,-,0,1,0
respinto,False,?,?,0,-,-,-,0,1,0
respira,False,?,?,0,-,-,-,0,1,0
restaura-,False,?,?,0,-,-,-,0,1,0
restaurata,False,?,?,0,-,-,-,0,17,0
restaurate,False,?,?,0,-,-,-,0,2,0
restaurati,False,?,?,0,-,-,-,0,10,0
restaurato,False,?,?,0,-,-,-,0,17,2
restituita,False,?,?,0,-,-,-,0,2,0
restituitagli,False,?,?,0,-,-,-,0,0,1
restituito,False,?,?,0,-,-,-,0,1,0
resuscitato,False,?,?,0,-,-,-,0,1,0
retrocessa,False,?,?,0,-,-,-,0,3,4
retrocessi,False,?,?,0,-,-,-,0,0,1
retrocesso,False,?,?,0,-,-,-,0,1,2
rettificata,False,?,?,0,-,-,-,0,1,0
revisionata,False,?,?,0,-,-,-,0,1,0
riabilitato,False,?,?,0,-,-,-,0,1,0
riacquistata,False,?,?,0,-,-,-,0,2,0
riallacciato,False,?,?,0,-,-,-,0,2,0
rialzata,False,?,?,0,-,-,-,0,1,0
rialzate,False,?,?,0,-,-,-,0,1,0
riammessi,False,?,?,0,-,-,-,0,1,0
riammesso,False,?,?,0,-,-,-,0,1,0
riammodernata,False,?,?,0,-,-,-,0,1,0
rianimato,False,?,?,0,-,-,-,0,1,0
riannodata,False,?,?,0,-,-,-,0,1,0
riannodato,False,?,?,0,-,-,-,0,1,0
riaperta,False,?,?,0,-,-,-,0,5,0
riaperte,False,?,?,0,-,-,-,0,1,0
riaperto,False,?,?,0,-,-,-,0,5,0
riapparsa,False,?,?,0,-,-,-,0,1,0
riapparso,False,?,?,0,-,-,-,0,2,0
riapre,False,?,?,0,-,-,-,0,1,0
riassaporato,False,?,?,0,-,-,-,0,1,0
riattate,False,?,?,0,-,-,-,0,1,0
ribadita,False,?,?,0,-,-,-,0,2,0
ribattezza-,False,?,?,0,-,-,-,0,1,0
ricapitalizzata,False,?,?,0,-,-,-,0,1,0
ricavata,False,?,?,0,-,-,-,0,0,2
ricavato,False,?,?,0,-,-,-,0,0,1
ricevuta,False,?,?,0,-,-,-,0,11,3
ricevute,False,?,?,0,-,-,-,0,2,1
ricevuti,False,?,?,0,-,-,-,0,3,0
ricevuto,False,?,?,0,-,-,-,0,23,4
richiamate,False,?,?,0,-,-,-,0,0,1
richiamati,False,?,?,0,-,-,-,0,2,0
richiamato,False,?,?,0,-,-,-,0,1,0
richiesta,False,?,?,0,-,-,-,0,0,1
richiesti,False,?,?,0,-,-,-,0,0,1
ricominciate,False,?,?,0,-,-,-,0,1,0
ricominciato,False,?,?,0,-,-,-,0,1,0
ricomparsa,False,?,?,0,-,-,-,0,0,1
ricompattata,False,?,?,0,-,-,-,0,1,0
riconfermata,False,?,?,0,-,-,-,0,1,0
riconfermato,False,?,?,0,-,-,-,0,8,0
riconoscibile,False,?,?,0,-,-,-,0,1,0
riconosciuti,False,?,?,0,-,-,-,0,1,0
riconosciuto,False,?,?,0,-,-,-,0,3,0
riconquistata,False,?,?,0,-,-,-,0,7,1
riconquistate,False,?,?,0,-,-,-,0,1,0
riconsacrata,False,?,?,0,-,-,-,0,1,0
riconsegnati,False,?,?,0,-,-,-,0,1,0
ricoperta,False,?,?,0,-,-,-,0,1,0
ricordano,False,?,?,0,-,-,-,0,1,0
ricordata,False,?,?,0,-,-,-,0,10,1
ricordate,False,?,?,0,-,-,-,0,10,0
ricordati,False,?,?,0,-,-,-,0,11,0
ricordato,False,?,?,0,-,-,-,0,4,0
ricostituita,False,?,?,0,-,-,-,0,1,1
ricostruita,False,?,?,0,-,-,-,0,3,1
ricostruito,False,?,?,0,-,-,-,0,8,1
ricoverati,False,?,?,0,-,-,-,0,1,0
ricoverato,False,?,?,0,-,-,-,0,1,0
ricreato,False,?,?,0,-,-,-,0,0,1
ricucita,False,?,?,0,-,-,-,0,2,0
ricucito,False,?,?,0,-,-,-,0,0,1
ricurve,False,?,?,0,-,-,-,0,1,0
ridato,False,?,?,0,-,-,-,0,1,0
ridipinta,False,?,?,0,-,-,-,0,1,0
ridipinto,False,?,?,0,-,-,-,0,0,1
ridisegnata,False,?,?,0,-,-,-,0,1,0
ridisegnate,False,?,?,0,-,-,-,0,1,0
ridotte,False,?,?,0,-,-,-,0,1,0
rieditati,False,?,?,0,-,-,-,0,1,0
rieletti,False,?,?,0,-,-,-,0,1,0
rieletto,False,?,?,0,-,-,-,0,11,0
riemersi,False,?,?,0,-,-,-,0,1,0
riemerso,False,?,?,0,-,-,-,0,1,0
riempiti,False,?,?,0,-,-,-,0,1,0
riempito,False,?,?,0,-,-,-,0,1,0
rientra,False,?,?,0,-,-,-,0,1,0
rientrata,False,?,?,0,-,-,-,0,3,1
rientrati,False,?,?,0,-,-,-,0,10,1
rientrato,False,?,?,0,-,-,-,0,29,1
riescono,False,?,?,0,-,-,-,0,1,0
rievocato,False,?,?,0,-,-,-,0,2,0
rifatte,False,?,?,0,-,-,-,0,3,0
rifatto,False,?,?,0,-,-,-,0,2,1
riferito,False,?,?,0,-,-,-,0,1,0
rifondata,False,?,?,0,-,-,-,0,1,1
rifondato,False,?,?,0,-,-,-,0,1,0
riforgiata,False,?,?,0,-,-,-,0,0,1
riformata,False,?,?,0,-,-,-,0,1,0
riformata-,False,?,?,0,-,-,-,0,0,1
riformati,False,?,?,0,-,-,-,0,1,0
riformato,False,?,?,0,-,-,-,0,2,0
riformista,False,?,?,0,-,-,-,0,1,0
rifugiati-,False,?,?,0,-,-,-,0,1,0
riguadagnata,False,?,?,0,-,-,-,0,1,0
rilanciata,False,?,?,0,-,-,-,0,3,0
rilanciato,False,?,?,0,-,-,-,0,1,0
rilasciata,False,?,?,0,-,-,-,0,1,1
rilasciate,False,?,?,0,-,-,-,0,1,0
rilasciati,False,?,?,0,-,-,-,0,2,0
rilasciato,False,?,?,0,-,-,-,0,1,1
rilevano,False,?,?,0,-,-,-,0,0,1
rilevata,False,?,?,0,-,-,-,0,2,0
rilevate,False,?,?,0,-,-,-,0,1,0
rilevati,False,?,?,0,-,-,-,0,1,0
rilevato,False,?,?,0,-,-,-,0,1,0
rimasti,False,?,?,0,-,-,-,0,0,1
rimasto,False,?,?,0,-,-,-,0,0,1
rimbalzata,False,?,?,0,-,-,-,0,2,0
rimediata,False,?,?,0,-,-,-,0,1,0
rimessa,False,?,?,0,-,-,-,0,1,0
rimesso,False,?,?,0,-,-,-,0,4,0
rimesso-,False,?,?,0,-,-,-,0,1,0
rimodernata,False,?,?,0,-,-,-,0,1,0
rimpatriati,False,?,?,0,-,-,-,0,1,0
rimpatriato,False,?,?,0,-,-,-,0,1,0
rimpolpate,False,?,?,0,-,-,-,0,1,0
rinata,False,?,?,0,-,-,-,0,2,0
rinato,False,?,?,0,-,-,-,0,1,1
rinfrancato,False,?,?,0,-,-,-,0,1,0
rinfrescati,False,?,?,0,-,-,-,0,1,0
rinnovata,False,?,?,0,-,-,-,0,3,1
rinnovate,False,?,?,0,-,-,-,0,2,0
rinnovati,False,?,?,0,-,-,-,0,2,0
rinnovato,False,?,?,0,-,-,-,0,6,0
rinominato,False,?,?,0,-,-,-,0,0,1
rinvenuto,False,?,?,0,-,-,-,0,0,1
rinviata,False,?,?,0,-,-,-,0,2,0
rinviati,False,?,?,0,-,-,-,0,1,0
rinviato,False,?,?,0,-,-,-,0,1,0
rioccupati,False,?,?,0,-,-,-,0,0,1
riparato,False,?,?,0,-,-,-,0,0,2
ripartito,False,?,?,0,-,-,-,0,1,0
ripiegato,False,?,?,0,-,-,-,0,2,0
riportata,False,?,?,0,-,-,-,0,3,0
riportate,False,?,?,0,-,-,-,0,1,1
riportati,False,?,?,0,-,-,-,0,1,1
riposte,False,?,?,0,-,-,-,0,1,0
riposto,False,?,?,0,-,-,-,0,1,0
riprenderanno,False,?,?,0,-,-,-,0,1,0
ripresa-,False,?,?,0,-,-,-,0,0,1
ripreso,False,?,?,0,-,-,-,0,4,0
ripristinata,False,?,?,0,-,-,-,0,2,0
ripristinati,False,?,?,0,-,-,-,0,1,0
ripristinato,False,?,?,0,-,-,-,0,1,0
ripubblica-,False,?,?,0,-,-,-,0,1,0
ripubblicato,False,?,?,0,-,-,-,0,2,0
ripulita,False,?,?,0,-,-,-,0,2,0
ripulite,False,?,?,0,-,-,-,0,1,0
ripuliti,False,?,?,0,-,-,-,0,2,0
risalito,False,?,?,0,-,-,-,0,1,0
risanato,False,?,?,0,-,-,-,0,1,0
riscaldato,False,?,?,0,-,-,-,0,1,0
riscattati,False,?,?,0,-,-,-,0,1,0
rischiarata,False,?,?,0,-,-,-,0,1,0
rischiarate,False,?,?,0,-,-,-,0,1,0
rischiarati,False,?,?,0,-,-,-,0,1,0
rischiarato,False,?,?,0,-,-,-,0,2,0
riscontrano,False,?,?,0,-,-,-,0,1,0
riscoperto,False,?,?,0,-,-,-,0,2,0
riscossa,False,?,?,0,-,-,-,0,1,0
riscosse,False,?,?,0,-,-,-,0,1,0
risicata,False,?,?,0,-,-,-,0,1,0
risistemato,False,?,?,0,-,-,-,0,1,0
risolleva,False,?,?,0,-,-,-,0,1,0
risolta,False,?,?,0,-,-,-,0,2,0
risorto,False,?,?,0,-,-,-,0,3,0
rispetto,False,?,-,0,-,-,-,0,3,0
risponde,False,?,?,0,-,-,-,0,1,0
ristabilito,False,?,?,0,-,-,-,0,1,0
ristampato,False,?,?,0,-,-,-,0,3,0
ristretti,False,?,?,0,-,-,-,0,1,0
ristrutturata,False,?,?,0,-,-,-,0,3,0
ristrutturate,False,?,?,0,-,-,-,0,2,0
ristrutturati,False,?,?,0,-,-,-,0,3,0
ristrutturato,False,?,?,0,-,-,-,0,5,0
risvegliati,False,?,?,0,-,-,-,0,0,1
risvegliato,False,?,?,0,-,-,-,0,1,0
ritinteggiate,False,?,?,0,-,-,-,0,1,0
ritirata,False,?,?,0,-,-,-,0,1,2
ritirate,False,?,?,0,-,-,-,0,1,0
ritirati,False,?,?,0,-,-,-,0,3,0
ritirato,False,?,?,0,-,-,-,0,1,1
ritirato-,False,?,?,0,-,-,-,0,0,1
ritoccata,False,?,?,0,-,-,-,0,1,0
ritoccate,False,?,?,0,-,-,-,0,1,0
ritoccati,False,?,?,0,-,-,-,0,1,0
ritoccato,False,?,?,0,-,-,-,0,1,0
ritornata,False,?,?,0,-,-,-,0,1,0
ritornati,False,?,?,0,-,-,-,0,2,0
ritornato,False,?,?,0,-,-,-,0,1,2
ritornerà,False,?,?,0,-,-,-,0,1,0
ritrovata,False,?,?,0,-,-,-,0,6,1
ritrovate,False,?,?,0,-,-,-,0,0,1
ritrovati,False,?,?,0,-,-,-,0,3,0
ritrovato,False,?,?,0,-,-,-,0,6,1
riunificata,False,?,?,0,-,-,-,0,5,1
riunificate,False,?,?,0,-,-,-,0,1,0
riunificato,False,?,?,0,-,-,-,0,2,0
riunita,False,?,?,0,-,-,-,0,2,0
riunite,False,?,?,0,-,-,-,0,0,1
riuniti,False,?,?,0,-,-,-,0,0,1
riunito,False,?,?,0,-,-,-,0,0,1
riuscitissimo,False,?,?,0,-,-,-,0,1,0
riveduta,False,?,?,0,-,-,-,0,0,1
rivendichi,False,?,?,0,-,-,-,0,0,1
riverniciata,False,?,?,0,-,-,-,0,2,0
riverniciato,False,?,?,0,-,-,-,0,1,0
rivisto,False,?,?,0,-,-,-,0,1,0
rivolte,False,?,?,0,-,-,-,0,1,0
rivoltogli,False,?,?,0,-,-,-,0,1,0
rizollato,False,?,?,0,-,-,-,0,2,0
rodata,False,?,?,0,-,-,-,0,0,1
romanzesca,False,?,?,0,-,-,-,0,1,0
Ronaldo,False,?,?,0,-,-,-,0,1,0
rosato,False,?,?,0,-,-,-,0,1,0
roseo,False,?,?,0,-,-,-,0,1,0
rotta,False,?,?,0,-,-,-,0,1,0
rottamato,False,?,?,0,-,-,-,0,1,0
rotto,False,?,?,0,-,-,-,0,1,0
rovente,False,?,?,0,-,-,-,0,1,0
rubata,False,?,?,0,-,-,-,0,0,1
rubatagli,False,?,?,0,-,-,-,0,1,0
rubate,False,?,?,0,-,-,-,0,1,0
rubato,False,?,?,0,-,-,-,0,2,0
sa,False,?,?,0,-,-,-,0,1,0
sabato,False,?,?,0,-,-,-,0,1,0
sagomate,False,?,?,0,-,-,-,0,0,1
saldata,False,?,?,0,-,-,-,0,1,0
saldate,False,?,?,0,-,-,-,0,1,0
saldato,False,?,?,0,-,-,-,0,1,0
sale,False,?,?,0,-,-,-,0,1,0
salita,False,?,?,0,-,-,-,0,2,0
salito,False,?,?,0,-,-,-,0,1,0
salpato,False,?,?,0,-,-,-,0,1,0
saltano,False,?,?,0,-,-,-,0,1,0
saltata,False,?,?,0,-,-,-,0,1,0
saltati,False,?,?,0,-,-,-,0,1,0
saltato,False,?,?,0,-,-,-,0,1,0
salvata-,False,?,?,0,-,-,-,0,0,1
sanata,False,?,?,0,-,-,-,0,1,0
sancita,False,?,?,0,-,-,-,0,1,3
sancite,False,?,?,0,-,-,-,0,1,0
sancito,False,?,?,0,-,-,-,0,1,0
sanno,False,?,?,0,-,-,-,0,1,0
saprò,False,?,?,0,-,-,-,0,1,0
saputa,False,?,?,0,-,-,-,0,1,2
saputo,False,?,?,0,-,-,-,0,5,0
sarà,False,?,?,0,-,-,-,0,2,1
saranno,False,?,?,0,-,-,-,0,1,0
saremo,False,?,?,0,-,-,-,0,1,0
sarò,False,?,?,0,-,-,-,0,2,0
sbarcata,False,?,?,0,-,-,-,0,7,1
sbarcate,False,?,?,0,-,-,-,0,2,1
sbarcati,False,?,?,0,-,-,-,0,18,0
sbarcato,False,?,?,0,-,-,-,0,21,0
sbattuta,False,?,?,0,-,-,-,0,1,0
sbiadita,False,?,?,0,-,-,-,0,1,0
sbloccata,False,?,?,0,-,-,-,0,1,0
sbocciata,False,?,?,0,-,-,-,0,2,1
sbocciate,False,?,?,0,-,-,-,0,1,0
sbocciato,False,?,?,0,-,-,-,0,2,1
sbozzata,False,?,?,0,-,-,-,0,4,3
sbozzate,False,?,?,0,-,-,-,0,1,0
sbozzati,False,?,?,0,-,-,-,0,1,0
sbozzato,False,?,?,0,-,-,-,0,1,2
sbucati,False,?,?,0,-,-,-,0,1,0
sbucato,False,?,?,0,-,-,-,0,1,0
scaduta,False,?,?,0,-,-,-,0,1,0
scaduti,False,?,?,0,-,-,-,0,2,0
scaduto,False,?,?,0,-,-,-,0,3,0
scalata,False,?,?,0,-,-,-,0,0,2
scalato,False,?,?,0,-,-,-,0,1,0
scalfiti,False,?,?,0,-,-,-,0,2,0
scampata,False,?,?,0,-,-,-,0,1,0
scampati,False,?,?,0,-,-,-,0,1,0
scampato,False,?,?,0,-,-,-,0,2,0
scappate,False,?,?,0,-,-,-,0,1,0
scappato,False,?,?,0,-,-,-,0,2,0
scarcerati,False,?,?,0,-,-,-,0,4,0
scarcerato,False,?,?,0,-,-,-,0,5,1
scaricata,False,?,?,0,-,-,-,0,1,0
scaricate,False,?,?,0,-,-,-,0,1,0
scaricato,False,?,?,0,-,-,-,0,3,0
scartata,False,?,?,0,-,-,-,0,1,0
scatta,False,?,?,0,-,-,-,0,1,0
scattata,False,?,?,0,-,-,-,0,1,1
scattate,False,?,?,0,-,-,-,0,1,0
scattato,False,?,?,0,-,-,-,0,1,0
scatterà,False,?,?,0,-,-,-,0,1,0
scavata,False,?,?,0,-,-,-,0,2,0
scavate,False,?,?,0,-,-,-,0,2,0
scelto,False,?,?,0,-,-,-,0,2,1
scende,False,?,?,0,-,-,-,0,1,0
scendi,False,?,?,0,-,-,-,0,1,0
scendono,False,?,?,0,-,-,-,0,1,0
scesa,False,?,?,0,-,-,-,0,6,0
scesi,False,?,?,0,-,-,-,0,6,0
sceso,False,?,?,0,-,-,-,0,18,0
schiaffeggiata,False,?,?,0,-,-,-,0,1,0
schiantato-,False,?,?,0,-,-,-,0,1,0
schiuse,False,?,?,0,-,-,-,0,0,2
schiusi,False,?,?,0,-,-,-,0,0,1
schiuso-,False,?,?,0,-,-,-,0,0,1
schizza-,False,?,?,0,-,-,-,0,1,0
schizzato,False,?,?,0,-,-,-,0,1,0
sciabolate,False,?,?,0,-,-,-,0,1,0
sciolto,False,?,?,0,-,-,-,0,8,1
sciorinati,False,?,?,0,-,-,-,0,1,0
scivolata,False,?,?,0,-,-,-,0,2,0
scolarizzate,False,?,?,0,-,-,-,0,1,0
scolati,False,?,?,0,-,-,-,0,1,0
scollata,False,?,?,0,-,-,-,0,1,0
scolorito,False,?,?,0,-,-,-,0,1,0
scomparsa,False,?,?,0,-,-,-,0,4,1
scomparse,False,?,?,0,-,-,-,0,1,0
scomparsi,False,?,?,0,-,-,-,0,1,0
scomparso,False,?,?,0,-,-,-,0,28,3
sconfessata,False,?,?,0,-,-,-,0,1,0
sconfitta,False,?,?,0,-,-,-,0,1,0
sconfitti,False,?,?,0,-,-,-,0,1,0
sconfitto,False,?,?,0,-,-,-,0,2,0
scongelato,False,?,?,0,-,-,-,0,1,0
scongiurata,False,?,?,0,-,-,-,0,1,0
sconvolta,False,?,?,0,-,-,-,0,1,0
sconvolti,False,?,?,0,-,-,-,0,1,0
scoperchiata,False,?,?,0,-,-,-,0,1,0
scoperta,False,?,?,0,-,-,-,0,8,6
scoperte,False,?,?,0,-,-,-,0,5,1
scoperti,False,?,?,0,-,-,-,0,5,2
scoperto,False,?,?,0,-,-,-,0,20,13
scoppiata,False,?,?,0,-,-,-,0,1,3
scoppiato,False,?,?,0,-,-,-,0,0,1
scoprono,False,?,?,0,-,-,-,0,2,1
scorgeva,False,?,?,0,-,-,-,0,1,0
scorsa,False,?,?,0,-,-,-,0,1,0
scorsi,False,?,?,0,-,-,-,0,2,0
scorso,False,?,?,0,-,-,-,0,2,0
scossa,False,?,?,0,-,-,-,0,1,0
scosso,False,?,?,0,-,-,-,0,2,0
scostato,False,?,?,0,-,-,-,0,1,1
scovato,False,?,?,0,-,-,-,0,1,0
scritta,False,?,?,0,-,-,-,0,4,1
scritto,False,?,?,1,-,-,-,0,5,0
scrutinati,False,?,?,0,-,-,-,0,1,0
seccata,False,?,?,0,-,-,-,0,1,0
sedata,False,?,?,0,-,-,-,0,1,0
sedicenne,False,?,?,0,-,-,-,0,2,2
sedici,False,?,?,0,-,-,-,0,0,1
segnalato,False,?,?,0,-,-,-,0,2,0
segnata,False,?,?,0,-,-,-,0,1,0
segnati,False,?,?,0,-,-,-,0,2,0
segnato,False,?,?,0,-,-,-,0,5,0
seguente,False,?,?,0,-,-,-,0,0,1
Sei,False,?,?,0,-,-,-,0,1,0
semiaperto,False,?,?,0,-,-,-,0,1,0
seminato,False,?,?,0,-,-,-,0,0,1
semplificato,False,?,?,0,-,-,-,0,1,0
Senna,False,?,?,0,-,-,-,0,1,0
sente,False,?,?,0,-,-,-,0,5,1
senti,False,?,?,0,-,-,-,0,1,0
sentiamo,False,?,?,0,-,-,-,0,1,0
sentita,False,?,?,0,-,-,-,0,2,0
sentite,False,?,?,0,-,-,-,0,1,0
sentiti,False,?,?,0,-,-,-,0,1,0
sentono,False,?,?,0,-,-,-,0,1,0
separata,False,?,?,0,-,-,-,0,1,0
separato,False,?,?,0,-,-,-,0,0,1
sepolta,False,?,?,0,-,-,-,0,1,0
sepolto,False,?,?,0,-,-,-,0,2,0
seppe,False,?,?,0,-,-,-,0,1,0
seppellito,False,?,?,0,-,-,-,0,1,0
seppero,False,?,?,0,-,-,-,0,1,0
seppi,False,?,?,0,-,-,-,0,1,0
sequestrata,False,?,?,0,-,-,-,0,1,0
sequestrato,False,?,?,0,-,-,-,0,1,0
servito,False,?,?,0,-,-,-,0,1,0
sfebbrato,False,?,?,0,-,-,-,0,1,0
sfilacciato,False,?,?,0,-,-,-,0,1,0
sfiora-,False,?,?,0,-,-,-,0,2,0
sfiorante,False,?,?,0,-,-,-,0,1,0
sfiorata,False,?,?,0,-,-,-,0,6,2
sfiorate,False,?,?,0,-,-,-,0,2,0
sfiorati,False,?,?,0,-,-,-,0,2,0
sfiorato,False,?,?,0,-,-,-,0,6,1
sfioravano,False,?,?,0,-,-,-,0,1,0
sfogliato,False,?,?,0,-,-,-,0,1,0
sfollata,False,?,?,0,-,-,-,0,1,0
sforna-,False,?,?,0,-,-,-,0,2,0
sfornata,False,?,?,0,-,-,-,0,4,1
sfornate,False,?,?,0,-,-,-,0,2,0
sfornati,False,?,?,0,-,-,-,0,2,0
sfornato,False,?,?,0,-,-,-,0,7,1
sfumata,False,?,?,0,-,-,-,0,2,0
sgessata,False,?,?,0,-,-,-,0,1,0
sghiacciati,False,?,?,0,-,-,-,0,1,0
sgombrata,False,?,?,0,-,-,-,0,1,0
sgozzata,False,?,?,0,-,-,-,0,1,0
sgozzato,False,?,?,0,-,-,-,0,3,0
sgrossate,False,?,?,0,-,-,-,0,1,0
sgrossati,False,?,?,0,-,-,-,0,1,0
sgusciati,False,?,?,0,-,-,-,0,0,1
sia,False,?,?,0,-,-,-,0,1,0
siglata,False,?,?,0,-,-,-,0,10,0
siglati,False,?,?,0,-,-,-,0,1,0
siglato,False,?,?,0,-,-,-,0,36,0
silurato,False,?,?,0,-,-,-,0,1,0
simile,False,?,?,0,-,-,-,0,1,0
simulata,False,?,?,0,-,-,-,0,1,0
sintetizzata,False,?,?,0,-,-,-,0,1,0
sintetizzate,False,?,?,0,-,-,-,0,1,0
slacciata,False,?,?,0,-,-,-,0,1,0
smaltita,False,?,?,0,-,-,-,0,1,0
smantellata,False,?,?,0,-,-,-,0,1,0
smascherata,False,?,?,0,-,-,-,0,1,0
smette,False,?,?,0,-,-,-,0,1,0
smettono,False,?,?,0,-,-,-,0,1,0
smobilitata,False,?,?,0,-,-,-,0,1,0
smobilitati,False,?,?,0,-,-,-,0,1,0
smontata,False,?,?,0,-,-,-,0,1,0
smontato,False,?,?,0,-,-,-,0,1,0
smorzati,False,?,?,0,-,-,-,0,1,0
smorzato,False,?,?,0,-,-,-,0,1,0
smosso,False,?,?,0,-,-,-,0,1,0
snobbati,False,?,?,0,-,-,-,0,1,0
socchiusa,False,?,?,0,-,-,-,0,2,0
socchiuse,False,?,?,0,-,-,-,0,1,0
soddisfacente,False,?,?,0,-,-,-,0,3,0
soddisfatto,False,?,?,0,-,-,-,0,1,0
sodomizzato,False,?,?,0,-,-,-,0,1,0
sofferta,False,?,?,0,-,-,-,0,2,0
sofferto,False,?,?,0,-,-,-,0,1,0
soffocato,False,?,?,0,-,-,-,0,2,0
soffuso,False,?,?,0,-,-,-,0,0,1
sofisticate,False,?,?,0,-,-,-,0,1,0
sofisticato,False,?,?,0,-,-,-,0,1,0
sognato,False,?,?,0,-,-,-,0,1,0
solcata,False,?,?,0,-,-,-,0,1,0
solcato,False,?,?,0,-,-,-,0,1,0
solidificati,False,?,?,0,-,-,-,0,0,1
sollevata,False,?,?,0,-,-,-,0,1,0
sollevati,False,?,?,0,-,-,-,0,2,0
sollevato,False,?,?,0,-,-,-,0,1,0
sollevi,False,?,?,0,-,-,-,0,1,0
sommersi,False,?,?,0,-,-,-,0,1,0
sono,False,?,?,0,-,-,-,0,1,0
sopite,False,?,?,0,-,-,-,0,5,0
sopito,False,?,?,0,-,-,-,0,2,0
sopportato,False,?,?,0,-,-,-,0,1,0
soppresso,False,?,?,0,-,-,-,0,1,0
sopra,False,?,?,0,-,-,-,0,28,10
sorseggiata,False,?,?,0,-,-,-,0,1,0
sorta,False,?,?,0,-,-,-,0,1,1
sorte,False,?,?,0,-,-,-,0,2,1
sorto,False,?,?,0,-,-,-,0,0,1
sospesa,False,?,?,0,-,-,-,0,1,0
sospesi,False,?,?,0,-,-,-,0,1,0
sospeso,False,?,?,0,-,-,-,0,7,0
sospettato,False,?,?,0,-,-,-,0,1,0
sostituito,False,?,?,0,-,-,-,0,3,0
sotterrati,False,?,?,0,-,-,-,0,1,0
sotto,False,?,?,0,-,-,-,0,25,5
sottolineati,False,?,?,0,-,-,-,0,0,1
sottolineato,False,?,?,0,-,-,-,0,1,0
sottomesse,False,?,?,0,-,-,-,0,0,1
sottoscritta,False,?,?,0,-,-,-,0,7,0
sottoscritte,False,?,?,0,-,-,-,0,1,0
sottoscritti,False,?,?,0,-,-,-,0,2,0
sottoscritto,False,?,?,0,-,-,-,0,10,0
sottostanti,False,?,?,0,-,-,-,0,1,0
sottratta,False,?,?,0,-,-,-,0,1,0
sottratti,False,?,?,0,-,-,-,0,0,1
sparato,False,?,?,0,-,-,-,0,1,0
sparsi,False,?,?,0,-,-,-,0,1,0
spazientita,False,?,?,0,-,-,-,0,1,0
spazzata,False,?,?,0,-,-,-,0,1,0
spedito,False,?,?,0,-,-,-,0,1,0
spenta,False,?,?,0,-,-,-,0,1,0
spento,False,?,?,0,-,-,-,0,8,0
spento-,False,?,?,0,-,-,-,0,1,0
sperimentato,False,?,?,0,-,-,-,0,3,0
spiegato,False,?,?,0,-,-,-,0,0,1
spirassero,False,?,?,0,-,-,-,0,0,1
spirato,False,?,?,0,-,-,-,0,1,0
spodestato,False,?,?,0,-,-,-,0,0,1
spolverata,False,?,?,0,-,-,-,0,1,0
spolverati,False,?,?,0,-,-,-,0,1,0
sporcata,False,?,?,0,-,-,-,0,1,0
sporcati,False,?,?,0,-,-,-,0,1,0
sporche,False,?,?,0,-,-,-,0,1,0
sporgente,False,?,?,0,-,-,-,0,1,1
sposata,False,?,?,0,-,-,-,0,9,5
sposate,False,?,?,0,-,-,-,0,5,0
sposati,False,?,?,0,-,-,-,0,1,1
sposato,False,?,?,0,-,-,-,0,1,0
spostati,False,?,?,0,-,-,-,0,2,0
spostato,False,?,?,0,-,-,-,0,1,0
spremuto,False,?,?,0,-,-,-,0,1,0
sprigionate,False,?,?,0,-,-,-,0,1,0
spuntano,False,?,?,0,-,-,-,0,1,0
spuntata,False,?,?,0,-,-,-,0,2,1
spuntati,False,?,?,0,-,-,-,0,2,0
spuntato,False,?,?,0,-,-,-,0,3,0
squartate,False,?,?,0,-,-,-,0,1,0
squartati,False,?,?,0,-,-,-,0,1,0
sta,False,?,?,0,-,-,-,0,0,1
stabilita,False,?,?,0,-,-,-,0,0,1
stabiliti,False,?,?,0,-,-,-,0,1,0
stabilito,False,?,?,0,-,-,-,0,1,1
staccati,False,?,?,0,-,-,-,0,1,0
staccato,False,?,?,0,-,-,-,0,0,1
stampata,False,?,?,0,-,-,-,0,1,0
stampate,False,?,?,0,-,-,-,0,2,0
stampati,False,?,?,0,-,-,-,0,1,1
stampato,False,?,?,0,-,-,-,0,5,1
state,False,?,?,0,-,-,-,0,1,0
stati,False,?,?,0,-,-,-,0,1,0
stemperati,False,?,?,0,-,-,-,0,1,0
stemperato,False,?,?,0,-,-,-,0,2,0
stese,False,?,?,0,-,-,-,0,1,0
steso,False,?,?,0,-,-,-,0,1,0
stilata,False,?,?,0,-,-,-,0,1,0
stilati,False,?,?,0,-,-,-,0,1,0
stilato,False,?,?,0,-,-,-,0,1,0
stipulata,False,?,?,0,-,-,-,0,3,0
stipulate,False,?,?,0,-,-,-,0,1,0
stipulati,False,?,?,0,-,-,-,0,4,1
stipulato,False,?,?,0,-,-,-,0,8,1
stirata,False,?,?,0,-,-,-,0,1,1
stordita,False,?,?,0,-,-,-,0,1,0
stordito,False,?,?,0,-,-,-,0,1,0
strappata,False,?,?,0,-,-,-,0,2,1
strappati,False,?,?,0,-,-,-,0,0,1
strappato,False,?,?,0,-,-,-,0,1,0
stretta,False,?,?,0,-,-,-,0,0,1
striato,False,?,?,0,-,-,-,0,1,0
struccati,False,?,?,0,-,-,-,0,1,0
stuccato,False,?,?,0,-,-,-,0,1,0
subentrata,False,?,?,0,-,-,-,0,1,0
subentrato,False,?,?,0,-,-,-,0,2,0
subita,False,?,?,0,-,-,-,0,9,0
subìta,False,?,?,0,-,-,-,0,2,0
subìte,False,?,?,0,-,-,-,0,1,0
subito,False,?,?,0,-,-,-,0,3,1
successa,False,?,?,0,-,-,-,0,1,0
successi,False,?,?,0,-,-,-,0,1,0
successivi,False,?,?,0,-,-,-,0,2,0
successivo,False,?,?,0,-,-,-,0,0,2
sufficiente,False,?,?,0,-,-,-,0,32,12
sufficienti,False,?,?,0,-,-,-,0,6,3
suggerisce,False,?,?,0,-,-,-,0,1,0
suggerita,False,?,?,0,-,-,-,0,2,0
suggerite,False,?,?,0,-,-,-,0,1,0
suggerito,False,?,?,0,-,-,-,0,2,0
sui,False,?,?,0,-,-,-,0,1,0
suicidato-,False,?,?,0,-,-,-,0,0,1
sulla,False,?,?,0,-,-,-,0,1,0
suona,False,?,?,0,-,-,-,0,1,0
suonata,False,?,?,0,-,-,-,0,1,0
suonato,False,?,?,0,-,-,-,0,1,0
superata,False,?,?,0,-,-,-,0,4,0
superati,False,?,?,0,-,-,-,0,1,0
superato,False,?,?,0,-,-,-,0,3,0
superiore,False,?,?,0,-,-,-,0,24,13
superiori,False,?,?,0,-,-,-,0,3,0
suscitato,False,?,?,0,-,-,-,0,1,0
sussurata,False,?,?,0,-,-,-,0,1,0
sussurati,False,?,?,0,-,-,-,0,1,0
sussurrata,False,?,?,0,-,-,-,0,6,0
sussurrate,False,?,?,0,-,-,-,0,4,0
sussurrati,False,?,?,0,-,-,-,0,1,0
sussurrato,False,?,?,0,-,-,-,0,5,1
svaligiato,False,?,?,0,-,-,-,0,1,0
svanita,False,?,?,0,-,-,-,0,1,0
svaporato,False,?,?,0,-,-,-,0,1,0
svasate,False,?,?,0,-,-,-,0,1,0
svegli,False,?,?,0,-,-,-,0,6,0
sveglia,False,?,?,0,-,-,-,0,2,0
svegliata,False,?,?,0,-,-,-,0,0,1
svegliate,False,?,?,0,-,-,-,0,0,1
svegliato-,False,?,?,0,-,-,-,0,1,0
sveglie,False,?,?,0,-,-,-,0,1,0
sveglio,False,?,?,0,-,-,-,0,3,0
svelato,False,?,?,0,-,-,-,0,1,0
sventato,False,?,?,0,-,-,-,0,1,0
svezzato,False,?,?,0,-,-,-,0,1,0
sviluppate,False,?,?,0,-,-,-,0,0,1
sviluppato,False,?,?,0,-,-,-,0,0,1
svolta,False,?,?,0,-,-,-,0,2,0
svolta-,False,?,?,0,-,-,-,0,1,0
svolte-,False,?,?,0,-,-,-,0,1,0
svolto,False,?,?,0,-,-,-,0,4,0
svolto-,False,?,?,0,-,-,-,0,2,0
taglia,False,?,?,0,-,-,-,0,1,0
tagliata,False,?,?,0,-,-,-,0,2,1
tagliate,False,?,?,0,-,-,-,0,1,0
tagliati,False,?,?,0,-,-,-,0,1,1
tagliato,False,?,?,0,-,-,-,0,6,3
tamponata,False,?,?,0,-,-,-,0,1,0
telefonato,False,?,?,0,-,-,-,0,1,0
temperata,False,?,?,0,-,-,-,0,1,0
temperato,False,?,?,0,-,-,-,0,2,0
tentato,False,?,?,0,-,-,-,0,1,0
tenterà,False,?,?,0,-,-,-,0,0,1
tenuta,False,?,?,0,-,-,-,0,1,0
tenuto,False,?,?,0,-,-,-,0,4,0
tenuto-,False,?,?,0,-,-,-,0,1,0
terminata,False,?,?,0,-,-,-,0,34,6
terminate,False,?,?,0,-,-,-,0,5,1
terminati,False,?,?,0,-,-,-,0,1,0
terminato,False,?,?,0,-,-,-,0,52,6
terminerà,False,?,?,0,-,-,-,0,1,0
tesa,False,?,?,0,-,-,-,0,1,0
tinte,False,?,?,0,-,-,-,0,1,0
tinteggiate,False,?,?,0,-,-,-,0,1,0
tirate,False,?,?,0,-,-,-,0,1,0
tirato,False,?,?,0,-,-,-,0,2,0
tiravano,False,?,?,0,-,-,-,0,1,0
toccata,False,?,?,0,-,-,-,0,3,0
toccati,False,?,?,0,-,-,-,0,1,0
toccato,False,?,?,0,-,-,-,0,2,0
tollerate,False,?,?,0,-,-,-,0,1,0
tollerato,False,?,?,0,-,-,-,0,1,0
tolti,False,?,?,0,-,-,-,0,3,0
tolto,False,?,?,0,-,-,-,0,1,1
torna,False,?,?,0,-,-,-,0,2,0
tornata,False,?,?,0,-,-,-,0,10,2
tornate,False,?,?,0,-,-,-,0,2,0
tornati,False,?,?,0,-,-,-,0,2,1
tornato,False,?,?,0,-,-,-,0,29,5
tosato,False,?,?,0,-,-,-,0,1,0
tostate,False,?,?,0,-,-,-,0,1,0
tostato,False,?,?,0,-,-,-,0,1,0
tracciata,False,?,?,0,-,-,-,0,3,0
tracciate,False,?,?,0,-,-,-,0,1,0
tracciati,False,?,?,0,-,-,-,0,2,0
tracciato,False,?,?,0,-,-,-,0,4,0
tradita,False,?,?,0,-,-,-,0,1,0
tradotta,False,?,?,0,-,-,-,0,1,0
tradotto,False,?,?,0,-,-,-,0,18,0
Traduzione,False,?,?,0,-,-,-,0,1,0
trafugato,False,?,?,0,-,-,-,0,1,0
tramontata,False,?,?,0,-,-,-,0,1,0
tramontato,False,?,?,0,-,-,-,0,2,0
transitata,False,?,?,0,-,-,-,0,1,0
trapelata,False,?,?,0,-,-,-,0,1,0
trapiantato,False,?,?,0,-,-,-,0,1,0
trascinata,False,?,?,0,-,-,-,0,0,1
trascorsa,False,?,?,0,-,-,-,0,102,5
trascorse,False,?,?,0,-,-,-,0,8,1
trascorsi,False,?,?,0,-,-,-,0,25,1
trascorso,False,?,?,0,-,-,-,0,177,4
trascritta,False,?,?,0,-,-,-,0,1,0
trascritte,False,?,?,0,-,-,-,0,0,1
trascritto,False,?,?,0,-,-,-,0,0,1
trasferita-,False,?,?,0,-,-,-,0,0,5
trasferite,False,?,?,0,-,-,-,0,0,1
trasferito,False,?,?,0,-,-,-,0,3,1
trasferito-,False,?,?,0,-,-,-,0,0,1
trasformato,False,?,?,0,-,-,-,0,1,0
trasmessa,False,?,?,0,-,-,-,0,3,0
trasmesse,False,?,?,0,-,-,-,0,2,0
trasmessi,False,?,?,0,-,-,-,0,2,0
trasmesso,False,?,?,0,-,-,-,0,2,0
trasparente,False,?,?,0,-,-,-,0,1,0
trattato,False,?,?,0,-,-,-,0,1,1
tratteggiata,False,?,?,0,-,-,-,0,1,0
tratteggiato,False,?,?,0,-,-,-,0,2,0
trattenuta,False,?,?,0,-,-,-,0,2,0
tratto,False,?,?,0,-,-,-,0,1,0
tre,False,?,?,1,-,-,-,0,3,0
trebbiato,False,?,?,0,-,-,-,0,1,0
tredicenne,False,?,?,0,-,-,-,0,4,0
tremante,False,?,?,0,-,-,-,0,1,0
trentacinquenne,False,?,?,0,-,-,-,0,2,0
trentasettene,False,?,?,0,-,-,-,0,1,0
trentasettenne,False,?,?,0,-,-,-,0,2,0
trentatreenne,False,?,?,0,-,-,-,0,1,0
trentenne,False,?,?,0,-,-,-,0,6,1
trentottenne,False,?,?,0,-,-,-,0,0,1
trentunenne,False,?,?,0,-,-,-,0,1,0
trova,False,?,?,0,-,-,-,0,3,0
trovata,False,?,?,0,-,-,-,0,3,1
trovate,False,?,?,0,-,-,-,0,2,1
trovato,False,?,?,0,-,-,-,0,8,0
troveranno,False,?,?,0,-,-,-,0,1,0
truccati,False,?,?,0,-,-,-,0,2,0
tutto,False,?,-,0,-,-,-,0,1,0
uccisa,False,?,?,0,-,-,-,0,3,1
uccisi,False,?,?,0,-,-,-,0,2,0
ucciso,False,?,?,0,-,-,-,0,8,3
udibile,False,?,?,0,-,-,-,0,3,0
udibili,False,?,?,0,-,-,-,0,1,0
udita,False,?,?,0,-,-,-,0,1,0
udite,False,?,?,0,-,-,-,0,0,1
udito,False,?,?,0,-,-,-,0,1,0
ufficializzata,False,?,?,0,-,-,-,0,1,0
ufficializzate,False,?,?,0,-,-,-,0,1,0
ufficiosa,False,?,?,0,-,-,-,0,1,0
ultimata,False,?,?,0,-,-,-,0,5,1
ultimate,False,?,?,0,-,-,-,0,1,0
ultimato,False,?,?,0,-,-,-,0,6,0
umidi,False,?,?,0,-,-,-,0,1,0
umido,False,?,?,0,-,-,-,0,0,1
una,False,?,?,0,-,-,-,0,1,0
undicenne,False,?,?,0,-,-,-,0,6,1
undici,False,?,?,0,-,-,-,0,1,0
unificata,False,?,?,0,-,-,-,0,2,0
unita,False,?,?,0,-,-,-,0,3,0
uniti-,False,?,?,0,-,-,-,0,0,1
uno,False,?,?,0,-,-,-,0,2,0
usata,False,?,?,0,-,-,-,0,1,2
usati,False,?,?,0,-,-,-,0,0,1
usato,False,?,?,0,-,-,-,0,2,0
uscì,False,?,?,0,-,-,-,0,1,0
uscita,False,?,?,0,-,-,-,0,84,5
uscite,False,?,?,0,-,-,-,0,15,0
usciti,False,?,?,0,-,-,-,0,57,9
uscito,False,?,?,0,-,-,-,0,308,22
utilizzato,False,?,?,0,-,-,-,0,1,1
va,False,?,?,0,-,-,-,0,2,0
varata,False,?,?,0,-,-,-,0,73,1
varate,False,?,?,0,-,-,-,0,16,0
varati,False,?,?,0,-,-,-,0,6,0
varato,False,?,?,0,-,-,-,0,45,1
varcano,False,?,?,0,-,-,-,0,1,0
varcato,False,?,?,0,-,-,-,0,2,0
varchi,False,?,?,0,-,-,-,0,1,0
variata,False,?,?,0,-,-,-,0,2,0
vede,False,?,?,0,-,-,-,0,4,2
vedeva,False,?,?,0,-,-,-,0,1,0
vedevano,False,?,?,0,-,-,-,0,1,0
vedono,False,?,?,0,-,-,-,0,2,1
velata,False,?,?,0,-,-,-,0,11,2
velatamente,False,?,?,0,-,-,-,0,1,0
velate,False,?,?,0,-,-,-,0,2,0
velati,False,?,?,0,-,-,-,0,1,0
velato,False,?,?,0,-,-,-,0,17,1
velavano,False,?,?,0,-,-,-,0,1,0
venata,False,?,?,0,-,-,-,0,1,0
vendemmiata,False,?,?,0,-,-,-,0,0,1
vendemmiate,False,?,?,0,-,-,-,0,0,1
venduta,False,?,?,0,-,-,-,0,4,0
venduto,False,?,?,0,-,-,-,0,3,0
venerdì,False,?,?,0,-,-,-,0,2,0
vengono,False,?,?,0,-,-,-,0,1,0
ventenne,False,?,?,0,-,-,-,0,7,2
venticinquenne,False,?,?,0,-,-,-,0,1,0
ventiduenne,False,?,?,0,-,-,-,0,3,1
ventiduesima,False,?,?,0,-,-,-,0,1,0
ventimila,False,?,?,0,-,-,-,0,1,0
ventinovenne,False,?,?,0,-,-,-,0,1,0
ventiquatrenne,False,?,?,0,-,-,-,0,1,0
ventiquattr,False,?,?,0,-,-,-,0,2,0
ventiquattrenne,False,?,?,0,-,-,-,0,1,0
ventiquattro,False,?,?,0,-,-,-,0,1,0
ventisettenne,False,?,?,0,-,-,-,0,1,0
ventitreenne,False,?,?,0,-,-,-,0,0,1
ventottenne,False,?,?,0,-,-,-,0,1,1
ventunenne,False,?,?,0,-,-,-,0,2,3
venuta,False,?,?,0,-,-,-,0,2,0
venuta-,False,?,?,0,-,-,-,0,0,1
venuti,False,?,?,0,-,-,-,0,3,0
venuto,False,?,?,0,-,-,-,0,3,0
venutoli,False,?,?,0,-,-,-,0,0,1
verificato-,False,?,?,0,-,-,-,0,1,0
verniciato,False,?,?,0,-,-,-,0,1,0
verrà,False,?,?,0,-,-,-,0,1,1
versata,False,?,?,0,-,-,-,0,2,0
versato,False,?,?,0,-,-,-,0,1,0
vide,False,?,?,0,-,-,-,0,0,1
videro,False,?,?,0,-,-,-,0,0,1
vinta,False,?,?,0,-,-,-,0,11,0
vinte,False,?,?,0,-,-,-,0,1,0
vinti,False,?,?,0,-,-,-,0,2,1
vinto,False,?,?,0,-,-,-,0,10,2
violate,False,?,?,0,-,-,-,0,1,0
violentata,False,?,?,0,-,-,-,0,1,0
virata,False,?,?,0,-,-,-,0,1,0
visibile,False,?,?,0,-,-,-,0,5,2
visibili,False,?,?,0,-,-,-,0,2,1
visiili,False,?,?,0,-,-,-,0,0,1
visitata,False,?,?,0,-,-,-,0,1,0
visitati,False,?,?,0,-,-,-,0,1,0
visitato,False,?,?,0,-,-,-,0,2,0
vissuta,False,?,?,0,-,-,-,0,2,1
vissute,False,?,?,0,-,-,-,0,3,0
vissuti,False,?,?,0,-,-,-,0,1,1
vissuto,False,?,?,0,-,-,-,0,0,1
vista,False,?,?,0,-,-,-,0,2,0
viste,False,?,?,0,-,-,-,0,6,0
visti,False,?,?,0,-,-,-,0,7,0
visto,False,?,?,0,-,-,-,0,16,2
vistoso,False,?,?,0,-,-,-,0,1,0
vitale,False,?,?,0,-,-,-,0,0,1
vitalistica,False,?,?,0,-,-,-,0,1,0
vivace,False,?,?,0,-,-,-,0,1,0
volonterosa,False,?,?,0,-,-,-,0,1,0
voltato,False,?,?,0,-,-,-,0,1,0
votata,False,?,?,0,-,-,-,0,9,0
votate,False,?,?,0,-,-,-,0,1,0
votato,False,?,?,0,-,-,-,0,3,0
Zeman,False,?,?,0,-,-,-,0,1,0
trendy-abbastanza,False,?,?,6,-,-,-,0,0,0
in-tempo,False,?,?,3,-,-,-,0,0,0
post,False,?,?,2,-,-,-,0,0,0
dopo-Bagheria,False,?,?,1,-,-,-,0,0,0
appena-moderato,False,?,?,1,-,-,-,0,0,0
appena-poco-più-in-gel,False,?,?,1,-,-,-,0,0,0
pena-pena,False,?,?,1,-,-,-,0,0,0
esistere,False,?,?,1,-,-,-,0,0,0
fuggita-da-ospedale-psichiatrico,False,?,?,1,-,-,-,0,0,0
secondo,False,?,?,1,-,-,-,0,0,0
iscritto-al-forum,False,?,?,1,-,-,-,0,0,0
meno-giocattolo-di-quella-delle-coco-rosie,False,?,?,1,-,-,-,0,0,0
praticamente,False,?,?,1,-,-,-,0,0,0
presente,False,?,?,1,-,-,-,0,0,0
quasi-guarita-dall''influenza,False,?,?,1,-,-,-,0,0,0
scesi-dal-letto,False,?,?,1,-,-,-,0,0,0
stato,False,?,?,1,-,-,-,0,0,0
trascorso-lunedì,False,?,?,1,-,-,-,0,0,0
uscita-dalla-doccia,False,?,?,1,-,-,-,0,0,0
uscita-dalla-tomba,False,?,?,1,-,-,-,0,0,0
volata-in-cielo,False,?,?,1,-,-,-,0,0,0
non-più-teenager,False,?,?,1,-,-,-,0,0,0
out-of-the-box,False,?,?,1,-,-,-,0,0,0
ci,False,?,?,1,-,-,-,0,0,0
circa,False,?,?,1,-,-,-,0,0,0
